label,message
0,工作时间：周末两天待遇：每月800元
0,这会儿干脆跟着花千骨去看“九穗儿”葡萄园了
0,华为Nexus手机概念图赏
0,盐城历史文化名人宋曹第21世孙
0,为深入推进工程质量治理两年行动
0,我国惊现天津侠还将有南京侠、上海侠
0,2015年加班已经是我的专利了
0,装修新居的朋友们务必了解清楚
0,ThisWorks深度助眠喷雾
0,任何与瑞士留学、酒店管理专业等问题都可以直接提问
0,果然如此viaTwitter
0,weitoutiao域名其他相关后缀也均被抢注
0,每天来办公室光给电脑杀毒都要花好几分钟不开心
0,快速启动EXCEL77录3
0,妈的你这么可爱是犯罪
0,早晨儿子查到下关市区这家店
0,手机里的照片、短信、App均可实现指纹密码保护
0,此前江苏省高院协同卫生厅制定的司法解释性文件
0,”老板：“我是给你加的三个”“卧槽
0,晚上在卧室看电脑没有开空调我妈：空调都不开你是异人吗
0,最近小区有一名90岁的老人和到该栋楼一业主家维修电脑的小伙子不慎被蚂蜂折伤
0,百度网盘地址：资源传送门：请猛戳链接：
0,一方面说明这些股票股价水分不大
0,对着电脑动动手指的轻松生活
0,家里电脑拿去清盘了只能这样看图片
0,ThereportofDNAmatchingtestrunby军情cameoutjustnow
0,x、饮食不规律、常食油炸、罐头、烧烤的人群
0,一、中层管理者是医院战略的执行者
0,副市长、公安局长唐剑华来到金平工业园区
0,一个城管大队个把小时解决南海问题
0,都600万了呀难怪走出去像在福州的感觉呢
0,如有变化：付费客户第一时间及时通知
0,欢迎参观双鱼宫数字邮票博物馆
0,违法证券业务活动又出现了卷土重来的势头
0,宁泽涛夺得世锦赛100米自由泳金牌
0,除去脸部痤疮及雀斑3酸奶奶油面膜
0,他们节目更多更好看也没从早到晚放娱乐星天地大多关于明星八卦也会有点自己台的综艺但这份安利吃得挺开心而浙江卫视的娱乐……梦工厂
0,当时国家GDP总产值3800多亿美元
0,一村长：花8万块钱将你家的2亩地征收
0,躺沙发上把手机ipadPSP放手边
0,LED行车灯与镀铬横条连为一体
0,江苏男子非正常死亡警方称系出轨妻子下药勒死|中新网南京7月23日电江苏宝应一男子非正常死亡
0,怎么到处是花千骨……我不爱花千骨
0,央视大妈拍的挖坟剧比花千骨虐多了
0,然后我百度了下只有当副词时才念cu动词名词念zu按语境我发音对着
0,加厚汽车遮阳挡防晒避光遮阳板夏季隔热遮阳帘子汽车前档太阳挡
0,在星巴克办公如果想上厕所的话
0,下飞机手机卡过期了电脑没电了新闻稿也没写成
0,五华城管护国中队、机动中队联合整治敷润桥占道夜宵摊
0,河北冠腾投资咨询有限公司“全民理财日”交流会如期在石家庄市紫金大厦召开
0,——给未来的我今天人生第一次遇见小偷
0,地铁上一个很壮的大叔守着车门端着手机聚精会神地看钢二
0,泗洪县邮政局归仁支局局长殷勇荣登6月份“中国好人榜”
0,客人中国时间凌晨3点起来去赶飞机
0,宝马X5享受两年不限公里数的整车质保期
0,南京陶笛之友群群主陶笛葫芦丝爱好吉者
0,持Evernote、Dropbox、OneNote和谷歌四种云服务
0,对券商中期预期依然强烈看好：1
0,我在电梯间冷静的看着沸腾的人们
0,x英寸版本GalaxyTabx平板电脑分辨率仍然是xxxx×xxx
0,全国各地的电梯事故都来了……事故有传染效应
0,G42常州段取消限速80
0,大家以后可以这样跟我买股票
0,HornyGoatWeedWithMacaRootExtract天然淫羊藿提取+玛咖胶囊60粒$15
0,倒有个熟的医生在附近开了个诊所
0,浙江省成套工程有限公司受浙江中国小商品城集团股份有限公司委托
0,无聊躺在草原玩手机忽然一直小苍蝇飞到手机屏幕上
0,有段时间觉得如果自己质疑甚至反对自由意志以及社会契约论所描述的自然状态的存在
0,打开手机绿油油的一大片、脸也跟着边绿
0,昨晚老妈要上淘宝她的iPad上没有淘宝app
0,但并不代表和诚信有半毛关系
0,2软件语言：中文软件大小：15
0,其中住宅成交总面积为14559平方米
0,我刚刚在天猫试用中心免费申请了木质电脑音箱2
0,以下5道减肥食谱再加上合理的减肥方法的同时
0,这个学院将会合并TM、TE、Mgt、Finance等方向课程共同打造全新管院
0,中国政府要加强对和尚和尼姑的管理
0,1999年被人强奸2004年结婚2005年生孩子2011年死了舅舅2014年死了外公
0,2015年苏州国际精英创业周在园区博览中心拉开帷幕
0,喝凉水都胖的人质疑吃素还这么胖真的没有任何根据
0,成都新街里商业街区商家物管激烈冲突
0,打算把瞌睡全留到16个小时的飞机上去
0,清浦区柯山花园6号楼2单元将房屋作为冷库储藏海鲜
0,想念前段时间在那的点点滴滴
0,Blessednessiso没有所谓的快乐
0,线下xxx万方的立足昆山、依托大上海、辐射国内外
0,姚贝娜2015浙江卫视跨年演唱会
0,保守的讲大概1年左右就可以再怀孕了
0,全市两级法院受理毒品犯罪案件xxx件
0,有效防止久坐电脑前疲惫的方法：坐在电脑桌旁
0,华为荣耀xC、努比亚ZxMax、魅蓝notex每日特惠疯狂抢
0,英皇金融集团vgold178
0,很早开始恋上火车载我去远方看外面的世界女装代理灿烂的笑容欢腾的声音很早开始恋上火车带我回故乡一棵棵昂扬挺拔的白杨一盏盏柔和的暗夜小灯明亮开阔的城市熟悉又陌生的家
0,于是铤而走险干了违法的勾当
0,反腐追回的钱都入国家的“钱袋子”了吗
0,好喜欢~~这是他之前唱的泰勒的串烧~
0,书记员：根据最高人民法院有关审理刑事公诉案件程序的司法解释之规定
0,小半夜的城管還用高壓水槍洗街道是鬧哪樣
0,8批次产品非法添加禁用物质、违规使用限用物质↓氯倍他索丙酸酯属于糖皮质激素类物质
0,那我向你推荐黛莱美BB霜：独特AB两管设计
0,张女士和丈夫睁眼发现小偷正趴在卧室的阳台上
0,ICU医生更擅长救命而不擅长治病
0,然而无图无真相让不少玩家觉得这又是索尼的一个小花招
0,新一代林肯mkx采用了林肯最新的外观设计理念
0,以券商为主的融资融券才能回避大部分风险
0,医生说我得了荨麻疹哎呀妈呀
0,先从表现好的法官助理中选任
0,产后族产后想安全瘦身的妈妈族7
0,泰唔士也没去成遗憾的离开上海
0,世界上最可笑的事情是我知道了真相你却还在说谎还说的那么真那么深
0,英国摄影师PaulReiffer将世界上不同城市的风光和地标性建筑聚集在一起
0,16391判断或为RTM之后的升级补丁
0,吴中区文体局陪同南京溧水区相关领导来苏州金枫广告产业园调研
0,并邀请苹果、华为、小米的粉丝妹子现场PK
0,新区改善民生20件实事总体工作实现时间任务双过半
0,通苏嘉城际铁路预计xxxx年开建
0,朋友扣扣群天天都在喊发红包
0,南京气象预报：今天全市阴有阵雨或雷雨
0,你麻痹的老子躺20分钟不到吵了我两次
0,全球就已经有xxxx万用户安装、升级
0,遇到事故时保险公司可以拒赔
0,『余承东高调秀业绩华为这四年做对了什么
0,吉利GX7拥有超五星安全标准设计
0,我竟然在江苏卫视的一个闯关节目里听到了交岚里二狗的小小野望的BGM………………
0,他们在不屈不挠的反腐运动中无惧树敌
0,节目是浙江温州市苍南县沿海地带体验强台风一日游
0,现在都告别了齐刘海~~~~美人的朋友也是美人
0,为其设计了合适的填充位置和最高支撑点
0,xxxx别克BuickLeSabre概念车诞生了风靡一时的“高尾鳍”的设计：大大的尾翅
0,英国首相卡梅伦爆料自己19岁时曾被克格勃招募
0,笔试时间：2015年8月15日上午9
0,说起青岛说起常州路就知道都是关人的地儿
0,最先出现在AppleWatch上
0,但在欧美等发达国家已经不采取这种方式对信用卡持卡人
0,医院开了一些健胃消食的糖块
0,就让四个月的休赛期天天放湖凯吧
0,另外路桥或椒江有合适的300平米一层平面的写字楼请联系我
0,有一种旅游叫“DREAMTRIPS”
0,皮肤病、病毒性上呼吸道感染、外耳道感染、肠道传染病等
0,六点下班立马奔到医院去看她老人家
0,你所处的地区遭受僵尸病毒的感染
0,昨晚拉着某人看了三集花千骨
0,家长可以做一些“三红汤”给孩子补一补
0,无牙夫妇百度贴吧~~~~嘻嘻
0,恒大的社区也从住用医疗等多个方面提供一站式服务了
0,开始还不相信好声音是剪辑的
0,买方营业部为：东兴证券股份有限公司莆田梅园东路证券营业部
0,让细胞在湿润的环境中“喝个够”
0,虹口区法院开庭审理了一起拍卖合同纠纷案
0,应酬族：经常需要外出应酬者熬夜族：晚上超过12点才睡觉
0,2015年7月28日下午17时左右
0,型男帅哥健美分享54
0,老板从15天可以辞职变成现在的不答应
0,无锡阳山水蜜桃??今年是小年减产
0,椰爸按语：转基因玉米和中国张启发的转基因水稻一样
0,CE破解百度云限速的简单方法
0,在这里告诉下大家是pubwin出了问题
0,孙世祥书屋收到苏州科技学院吴代湖捐赠图书4册
0,十点就约到第二天的顺风车了
0,我爱我铺商铺选址成功案例分享
0,顺利实现了我省ETC全国联网工作
0,比光吃尼古丁口香糖或听录音磁带的人
0,盛夏的南京居然凉快得像四川的秋天
0,他觉得他在NBA看到过的很多跟在CBA是一样的
0,俄苏35先进生产线曝光：7月16日
0,噢不其实还是想宣泄不够强大
0,北京协和医院心内科副主任医师谢洪智给你解析
0,客户实拍您还在质疑我们的鞋子么
0,"给大家分享""4成功条件的科学神经链调整B"
0,不过只要summer健康平安长大
0,天知道我夺么想打开电脑在泡泡堂的世界里自由倘佯
0,其实大家都错了：VC们都反感独角兽概念
0,x、防晒：不论什么时候防晒一定是不能忽略的步骤
0,刚看完昨晚更的两集花千骨终于开虐了终于开虐了
0,黑头粉刺常见于面部、前胸和后背
0,栀子花开李易峰张慧雯校园纯爱
0,双汇收购案融资结构分析：有杠杆好收购
0,帮助弱势群体才是政府的主要职责
0,iOS再怎么不安全也比Android安全万倍
0,为了实现MP3与使用者之间的互动
0,这22%人口中90%吃着全世界最毒的食物
0,我和我的“狱友”坐在警车里
0,60岁的爷爷带着4岁的孙子去亲戚家玩耍
0,我分享了百度云里的文件：?哆LA梦：伴W同行
0,融资金额50万元的标就被投满了
0,——「南京官员殴打酒店服务员边动手边喊“我是处长”」
0,与墓碑为伍亲吻墓碑活着的死人天堂没有疾病与痛苦
0,”医生摇头道：“外科的事我已经完成
0,面积大故此必须采用真空24K电镀五金质量质感不可质疑尺寸25*17CM
0,徐州市鼓楼区哪有小&amp
0,MCC这两天玩的太嗨了展子特别棒有各种活动live节目酷炫
0,在盐城读书的扬州小伙阿辉因感冒服用了两粒感冒药
0,一个物业工人上24歇48每月2400加保险
0,早高峰的地铁中人群简直猛如虎
0,为什么无锡的电影院放电影之前的广告都是本地的各种整形医院啊
0,我怎么还过着腐败、糜烂、灯红酒绿的生活
0,com按提示下载激活客户端兑换268
0,甩掉子宫垃圾=你避免了95%的妇科病=你避开了宫颈癌=你婀娜多姿的年轻美态
0,LemonTree一听爱上
0,这家是装修就耗资150w的大手笔
0,一号线南京站一号出口外面电子屏的时间也太不准了
0,一大早赶早班地铁只为七点的火车
0,自3月份启动全市环境保护大检查活动以来
0,市检察院志愿者服务队联合一江两岸片区双创办指挥部开展了慰问环卫工人活动
0,5个小时可以做更好的事情：陪Jiji运动1小时
0,明天南京生存体验我们继续奋斗
0,下午一直在想8月10號是啥日子來著
0,分为青龙观、万佛岩、玄武峰、滴翠谷等八个小景区
0,汽车钣金喷漆工出国劳务
0,昨天南通市图书馆新馆正式进入试运行阶段
0,当然重点是刘青云和黄晓明的演技
0,目前学会的苏州话如下：生煎
0,公司活动带着飞机虽然笨重最后的相片视频还是让我感到安慰
0,输入我的推荐人代码“xxuixr”就可以获得超值魔幻卡
0,后来去医院看开了中药贴和羧甲司坦口服液后好了
0,早上宁河及滨海新区可能有轻雾天气
0,如何判断P2P平台的收益高低水平
0,但与痤疮症状类似的疾病还是很多
0,日本亚马逊海淘推荐：一致好评
0,是国内一流的融休闲、商贸、旅游、餐饮、购物为一体的大型城市商业广场
0,我可以投诉腾讯你虚假广告么
0,然而来到加拿大的投资移民人数持续增加
0,看见轮船、飞机甚至是大云团都会晕倒
0,Netflix市盈率约为xxx
0,Bath°C是一款基于温度变化的旅游地图
0,国家的派出所你要这么大牌吗
0,日子还是要过下去的加油吧
0,八一最后的半个小时叔叔哥哥们：辛苦了～不要怕找不到老婆总有一个懂你们的在等你
0,微軟Edge瀏覽器將支援Chrome擴展
0,盐城市区的亲可以送货也可以自己上门挑选
0,成为谷歌欲收购移动支付So谅他了
0,微软将为Azure加入更多的Linux发行版支持|对于一家靠软件赚钱的科技公司来说
0,使用好友邀请码WISQC注册
0,作者：中石化江苏油田投稿
0,收房地产大额抵押融资贷款项目
0,不过就在Android版Cortana正式推出之前
0,你发现当初最痞的一个兄弟做了老师
0,却发现只有腾讯能找着==||||顿时又陷入选择中了==|||||
0,3、对于强调内容可以进行字体加粗标红
0,xx满仓接回、周K线有强支撑、叫线上阴线买
0,2015中国好声音第四季安阳招商已经开启
0,牡丹沐浴露/WHOO美白水乳/娇韵诗纤体乳/科颜氏高保湿霜xxxML
0,那警察是不是就不应该抓女的~
0,UNO是资生堂护肤专门为男性而设的一系列产品
0,世界上最黑的孩子近日在南非出生
0,再加上oppo、vivo、大神、努比亚几乎封死了小米的营销空间
0,位于三地的23基铁塔基础工程已经全部完工
0,火箭旧将道格拉斯遭鹈鹕裁掉或为签回科尔铺路
0,深覆颌越来越严重后天还要去带平导
0,日寇暴行就是“南京大屠杀”的翻版
0,同时也感谢我们全体护士朋友
0,CCTV9记录频道将重新解读并再现扑朔迷离、惊心动魄的宫廷事变：玄武门之变
0,不喜欢被拉到从前的感觉氧气稀缺这时候最好要有一个人叮铃我一下说明天吃火锅别忘了下午三缺一来吗这样才能盖上我的布灵布灵回忆box
0,p姐~原谅我没能熬到12点~醒来第一件事~就是
0,盐城站“盐城建湖地区韩式半永久定妆纹眉眼线漂唇预约”
0,就是举报一万起腐败案件能查处一起就不错了
0,他在医院走廊的轮床上躺了77个小时零30分钟
0,涂个防晒上班这么热的天开车手臂都晒成碳心好累
0,xx多个城管与xx岁孩子的拼搏
0,重疾、定期寿险、意外险可多重
0,而百度的答案是anniversary
0,下飞机我一看她端了一大盆火锅走出来
0,谷歌员工餐厅空间宽敞装修舒适
0,我的电脑太垃圾带不起来游戏
0,昨天我决定实行无手机1小时活动
0,搭配紧身T恤相呼应、映射出些印度瑜伽风情
0,是多么单调|美国留学就业规划|Warald咨询』
0,南京惊现xxxx年前阴沉木已交相关单位保管
0,怎么样才能让医院的医生和护士态度好一点呢
0,分享视频：排球裁判员在场上值裁
0,"3""天4""人丧生”的国内焦点事故"
0,你当然知道图中这两个Logo摆在一起
0,我市上报的7件注册商标榜上有名
0,为了保证街镇城管执法机构有权又有责
0,日门诊输液量最多时达200人次
0,我又不是机器人我的感情不会按照程序走若真不喜欢我沉默便是
0,ITS是透过一个中央系统和一组子系统管理
0,贵阳市交管局设立在市政府政务大厅的交通进法处罚窗口
0,主要包括G2京沪高速无锡段、苏州段
0,也想知道华为人力不是大部分都是研究生吗
0,如果说百度知道的问题标签是根据提问信息自动归类的话
0,主要得益于代理运营商腾讯无线在手机游戏领域多年积累产品及技术经验
0,我爸爸可是有n国皇室血统的世界首富哼
0,组织城管工作站人员深入社区楼院
0,工作人员回答说是城管没有把以前的线铲干净
0,不知道是被百度坑了还是被东莞混乱的公交系统坑了
0,上岗证考过的学员7月18日~8月18日登陆江苏会计从业资格考试报名系统江苏会计从业资格考试报名系统
0,x月xx日星期三晴南京的天真的是越来越热了
0,用法律手段保护自己消费者权益
0,南京高淳花涧堂官溪人文客栈刚进去觉得不怎么样后来惊喜不断
0,水在胃内只停留x至x分钟便进入小肠并被吸收进血液
0,三明早资讯最新的资讯新闻一网打尽欢迎收听
0,想要密切力比较高BB产品的MM
0,同时也是路特斯F1车队的所有者
0,napseed可以拉曲线之类的很棒
0,第二天还偶遇了开单身party的超美新娘
0,九月中旬有从苏州去西藏的吗
0,我家有癌症病人需要也核桃树的树枝
0,真你妹了这么重要的情节就一带而过小骨天天手上缠绷带也没见白子画喝一口白子画没有血根本没法活好吗全被湖南卫视喝了是吧
0,这款太受欢迎了目前量很少呢开始断货了为了你们冬季也美美嗒抓紧订货噢
0,西峡县人民法院对此案作出一审判决
0,看到一些爆料博发的zxy离开的微博还有不知情围观群众的微博
0,这种男的应该直接送医院好吗我已经醉了大家自己去看报道吧
0,宜：结婚洞房搬家抗洪救灾开张房产过户提案比稿求职应聘旅游出行定亲逛街看电影忌：种树种花总结
0,Google无人车的设计是实用性大于时尚感的
0,水管电脑晾衣架我有啥不会修的
0,温度降到80度左右调入蜂蜜就可以吃了
0,医生二话没说就给我开了三草两木产品
0,最终产品成功获得17218名投资者青睐
0,包括为Scala设计全新的前脸
0,我简直也要买一台thinkpad了…昨天三次过热关机之后今天电脑又直接把我写了两天的文档弄没了………这么赚钱的律所为什么给实习生配一个benq啊什么鬼啊
0,中产一夜变“草根”南京市民600万炒股只剩下十几万
0,白子画宁可负花千骨也不负天下人
0,“动姐”疑遭旅客一家12口围殴
0,电脑里找到一颗幽灵景观的水滴吊坠
0,究竟Windows10需要在哪些方面进一步发展呢
0,GooglePlay完全基于云计算
0,本门从苏州阴煞神鞭帮夺得空明拳残章一
0,乙肝、心脏搭桥手术、腰腿痛自愈：继槟城菩提寺拍打拉筋公益讲座及体验营
0,帮助大家理解Oracle11gRAC的本质和后台进程的工作原理
0,XBoxOne主机确定即将支持鼠标以及键盘操控
0,楼下装修嗡嗡嗡嗡的……我娃作了一上午睡不着……后来……得亏外婆想了个好点子
0,虽然我天天会对着电脑但是我却从没有开过博客
0,称洗澡水热致摔伤老太起诉温都水城
0,楼盘楼盘、全是楼盘
0,还在黄金海岸南部的Tallebudgera买下了x处适合发展生态旅游的地皮
0,反击全集第31集反击英美版合集
0,xxxx许昌市直学校招聘教师及工作人员面试人员名单公示
0,1小时气械练习…有时间就看看书
0,“xxxx”工程是国家有关部门推行的xx世纪初在广大农村实现一村一月放映一场电影的文化工程
0,预计全市将有40余所高校的近万名学生参加市区两级赛事
0,在xx号考场认识一个叫方莹的女孩
0,注意事项：大家需要根据自己的身体条件选择适宜的强度
0,装修行业十大影响力品牌家装
0,二十多小时的飞机就为了个海豹宝宝
0,一定要涂抹防晒霜等做好防护措施
0,开展为期x个月的生猪定点屠宰资格审核清理工作
0,投诉携程网的不作为而且服务态度不好
0,田园风就带给了人大自然的温暖气息与阳光相互辉映
0,浙江能别再反复放播到烂的奔兄吗……放个爸回来也行啊……路人都觉得腻
0,希望飞鸽一直好好的~从去年开始好多单子都没晒
0,不明真相的散户群众追进去就被套
0,并公布举报电话：xxxxxxxx
0,从小饱受元朝贪官污吏敲诈勒索
0,济宁市旅游局聘任的52名由社会各界人士组成的旅游服务质量社会监督员正式上岗
0,一打开网页就被angelababy刷屏
0,去年9月1日被我市环保部门查获
0,~快来看降龙十八掌最后真相~
0,9天内在湖南、广东、云南入户抢劫4次致7人死亡
0,安徽—常州—上海—常州—南京
0,微软历史上第一次免费对旧版系统提
0,不用买飞机票不用愁不放假在信阳就能吃到地地道道的成都口味的串串
0,本照片拍摄于昭和16年8月23日
0,微软不仅进行了全球性的广告营销
0,渭南40℃高温下洋妞拉票真够拼啊
0,两天内两只股票一共赚了五个涨停板
0,有如下几种理财方法：1、记录每笔收支
0,无比惬意地畅游于“莲花世界”
0,关键是我的手机放在那饮水机桌子上充电
0,专业制造各种疑难管件/法兰/接头
0,有种两个乞丐在抢夺残羹剩饭的感觉
0,ABB阿里巴巴旗舰店年中大促xxx拉开帷幕
0,扬州比赛大家支持扩散一下
0,我的账号在举报当晚被江苏籍IP盗了
0,能识别并定位积木的机器人系统
0,3、驾驶营运客车在高速公路车道内停车的
0,以前还差点接班GSCEO……你真是tm在逗我………………
0,浙江华佳热电集团有限公司在线监测数据
0,有54家汽修店被评为“不合格”
0,HTC还将在第四季度推出一款新机
0,但是一早前往Chinajoy展会的漫迷们热情不减
0,部分投资者很难做出买入或卖出决定
0,本门从昆山富春洞夺得弹指神通残章四
0,城管就是政府把地痞流氓组织起来的特殊作战队伍
0,自此所有与“性”有关的文句都遭到禁止
0,乌镇人只关着大海门做着自己的伙计
0,刚好前两天写过一个买不起新车
0,大家共同抵制滥用抗生素/酷/酷
0,新款避孕药让女性有超长安全期
0,然而天刀OL最低效画面都完爆仙剑六全效
0,司法考试、N1和CCIESEC是未来三年的主题
0,百度还有兴趣打算投资其他的美国“请求应答式”企业
0,壶福分体陶瓷文武火煎药壶中药壶全自动电药熬药罐熬药砂锅器机
0,因为政府文件里针对的是新闻、评论和访谈类节目
0,我妈说江苏美女多嗯我专业男女3
0,你在南京我在贵州距离1377KM我快回去了还有一个月震到时候你看见清时清又会成长勒很多
0,在Bx/Bx区打造的以“现代凤凰”为主题的商业街
0,百度无果后打开微博正准备私信博物君求助时
0,竟被转走了银行卡余额xxxxx余元
0,欧美七分袖t?开衩松紧半身裙两件套卡其?黑衣长62胸围130肩宽52袖长30裙长87腰围60臀围72?65
0,他在2015年9月会就读于韶关市实验中学此人有疯狂的妄想症他QQ是1477432447望大家去扒扒他的皮年年
0,debbiewijskamp最近设计的作品“blackruby”
0,张家港市中福木业有限公司位于全国卫生城市、环境保护模范城市—江苏张家港市
0,我省P2P网贷平台资金将统一托管
0,下雨天汽车路过旁边会放慢速度
0,为什么新闻每次报道冤案只是报道受冤者如何如何
0,7个彩色盒子沿主轴两侧错落排列
0,banana蕉下双层防晒小黑伞
0,记者从推出这款产品的保险公司获悉
0,房地产税法将立开征需过3道关
0,并传出会在9月份正式推出的消息
0,栖木防晒隔离乳有效隔离紫外线
0,免费分享江苏xx份分享一对可爱蜗牛、萌龟韩版青瓷花盆
0,总有些近在眼前的真相需要时间才会明白看透
0,济南恒润美业高薪招聘美容导师岗位职责：1、负责美容院客情的维护
0,不耻与华师为队伍往后想必也不会与你为伍
0,教师们听取了袁勇志教授就如何产生高绩效的团队进行详细的讲解
0,人大将9月3日法定确认为中国人民抗日战争胜利纪念日
0,尊上替花千骨收了幽若做弟子
0,专为儿童所设计的海底探索游泳圈
0,大学毕业10周年班级聚会……
0,乌克兰政府军一天内向顿涅茨克共和国境内发射200枚火箭弹和炮弹
0,不少投资人加大了在平台上的投资额度
0,对集团领导的审批速度无语了
0,也许只是他睡觉的时候不再拥抱亲吻她而是侧过身倒床就睡的时候吧
0,浙江家家富建材有限公司专业生产铝塑复合管
0,从息肉到癌变大约需要x~xx年时间
0,请问国家打击贪官污吏这句话是放屁吗
0,有1/3时间坐在一堆待扔的淘汰品里发呆
0,电钻声公交车声卖水果小贩吆喝声声声入耳啊
0,看了31分钟的跟我的照片对比一下就会发现是同一个人
0,把把脉app可以免去排队烦恼哟~还不快下载试试
0,自从6月11号穿上冰大的防晒衣
0,日本Amazon：小林制药祛痘膏祛痘祛粉刺暗疮膏男女士兼用18g
0,有惬意木屋别墅“非诚勿扰”
0,服装设计师和企业之间明争暗斗的幽暗面
0,路政部门应依法予以打击才对啊
0,以后机器人的发展不会停止
0,只是呆在电脑旁边不停地敲打着键盘
0,"再次敲响防范电梯""吃人""警钟"
0,PS：老李提示：双肩背背在身后
0,人都是这样明知道关灯玩手机伤眼还是喜欢在黑暗中玩明知道抽烟不好还是戒不掉明知道饮料很多了会胖还是忍不住喝明知道熬夜伤身还是要晚睡明知道你不喜欢我我还是会喜欢你
0,纷纷带来最新的医疗设备和技术
0,法院经审理认定会所经营者未尽合理的安全保障义务
0,今天收到一个浙江客户寄来的四大箱榨菜
0,我今天下超市的电梯为了不踩第二格我跳了一下
0,欧式转角书桌电脑桌台式简约书架实木书柜韩式转角电脑桌组合家用
0,Win10手机版Cortana自带边框…不如WP8
0,扬州自古即称“江南扬州府”
0,就是在认清生活真相之后仍然热爱生活
0,研发开通了常州首个物流责任险公共投保平台
0,坐电梯都是一阵菊紧不骗人
0,请问泰州姜堰哪里有宝宝生日气球装饰策划公司
0,电子厂饭店酒家全球最大的印刷厂华为电子电路板厂鞋底厂鞋厂商场天地一号销售搬啤酒销售啤酒
0,好孩子儿童汽车安全座椅增高垫goodbaby宝宝增高垫冬夏两用CSxx
0,百度网盘完整未删减版BD720p韩语中字高清下载
0,苏城气温逼近高温线月底或将出现高温日
0,刚才amazon搜一下$0
0,我居然叫同學去Google米雪??
0,自1999年从部队转业到金堂浆站已17个年头
0,因為這幾天沒有好轉還越來越痛
0,手机就能远程控制完成喂食等各项操作
0,百度了半天有些说可以开有些说不行
0,cosme大赏嘉娜宝suisai去角质黑头酵母洁面洗颜粉
0,在不选择subscribe&amp
0,就使用我的邀请码hfj5w5下载并登录浙江移动手机营业厅
0,同样花千骨为了救尊上也可以不惜一切
0,TFBOYS江苏后援会宿迁站将于明天下午2点在宿城区宝龙广场举行应援活动
0,国家分给我的土地让贪官给卖了
0,充一次可以用五天左右~最吊的是可以带上飞机而且还带验钞功能而且都是正版的
0,和老弟商量去南京买票的事儿
0,这里的股票投资者想要一直期待股票大涨已经不成立
0,中午吃好饭去市里和小胖去看手机吃了DQ又去昨日依旧吃芝士焗饭去店里妈妈带我回去
0,难道是我的winxx升级了最新的补丁
0,　　1、世界汽车销售第一人乔·吉拉德说：“我卖的不是我的雪佛兰汽车
0,建筑、券商股强势上扬助推大盘止跌回升
0,3、冷水浴：用5－20℃之间的冷水洗澡
0,然而广通也没问百度都要说烂的问题
0,好像潮人以白色V领宽肩针织衫搭配印花短裙亮眼又青春
0,在离开杭州之前向浙江省测绘质量监督检验站的工作人员致谢道别
0,我现在可是与两个nba总冠军戒指持有者站在同一块球场上
0,首先吸气4秒、再憋气7秒、最后再呼气8秒
0,来自全市的40余家体育协会、体育俱乐部将在现场进行免费教学
0,很多事实的真相不愿去面对和接受
0,南京下大暴雨+闪电……山东已经好多年没这样了……心疼种地的兄弟们……我在
0,既然你不喜欢她质疑她的演技就请你把自己当成一位陌路人
0,有多少该被判决死刑立即执行
0,熟悉到巨大的飞机轰鸣声都怀念
0,基本上颠覆了封德彜的判决和太宗的“批示”戴胄也不客气
0,我也宋江蹭的一下站起来：他们说赔我还信
0,ecora天然有机薰衣草驱蚊喷雾
0,我还多喜欢她在花千骨里面的表演的
0,头顶飞过一架快要降落的飞机
0,第一次分享会是由前阿里员工来分享的
0,目前a股市场的基金公司不下60家
0,每次看到巡逻的警车都异常激动
0,请不要怪罪医生哦~生病就好好休息一下吧
0,手机shi掉了亮了一整天屏
0,围挡中的苏州法拉利玛莎拉蒂中心
0,地点：静安区南京西路1601号
0,据已披露7月业绩的8家上市券商数据显示
0,今年夏天最挑战勇气的防晒方式
0,好好笑做梦梦见了他和女的在我胖不吃饭他还在给女的拍照我跑过去说帮我看下电脑然后就跑了呵呵
0,我刚刚在天猫试用中心免费申请了变形玩具黄蜂声光42cm机器人
0,5劳动者应当执行劳动安全卫生规程
0,工作上海的Eng集中在环球金融中心
0,现在还有没有220长风+杜莎的学生联票呀
0,一亿像素也是把烂电脑卡得够呛
0,中国信托业协会3日公布数据显示
0,主食吃多了：要选择淀粉酶口服液、多酶片等来帮助消化
0,?省公安厅交警总队决定从8月1日起至年底
0,“投资者的去杠杆化”大致和“金融机构的去杠杆化”同步：大量对冲基金已经退出市场
0,7月是个神奇的月连10086这个小婊砸也终于回我短信了
0,北京签售会饭问他为什么摘下了戴了2年的手链
0,队员们又在积极为无锡市网民五人制比赛积极准备着
0,然而今天早上x点多终于等来维修师傅的电话在告知清楚详细住址后直等到中午xx点多没有消息遂打电话联系
0,微信：投融界推送链接进去注册有红包
0,接着一家名为Cinematique的公司找到超哥
0,我默默的看了一下这只股票的30分钟图
0,2．具有良好的法律意识和职业道德
0,但願我不被這甜食生了蛀牙才好
0,与浙江临安仅一山之隔的家乡小城
0,微软演示了其最新的WindowsServer2012R2带来
0,散布淫秽、**、**、暴力、恐怖或者教唆犯罪
0,认证信息为“浙江传媒学院2012级”
0,九月十二号：旅游第一天开始啦……前一晚的雨下得好大
0,真诚推荐LonelyPlanet系列旅游信息书
0,适合发质：有头皮屑者主要成分：水、杜松油、薰衣草精油、金盏花瓣、玫瑰花瓣…等针对造成头皮屑的细菌研发的独特配方
0,无赖的现实：爸爸嫌2000元手机太贵不给买20岁女孩横卧路中央：20岁年轻女孩看中了一部价值2000多元的手机
0,医生拿着心电图检查单也说不上个一二
0,昨天我可以告你入室抢劫故意伤人
0,可以连接iPad录MIDI既可以在琴上听也可以在iPad听…结果发现延长踏板的效果并不能输出
0,使新车比Zx看起来更加霸气
0,就使用我的邀请码w795kn下载并登录浙江移动手机营业厅
0,妈妈壹选内衣皂液300g2元
0,两级法院在清理案件的基础上
0,以发生高额医疗费用作为界定标准
0,百度说是结膜炎和内火太大引起的
0,生活的发展总是完全在我的意料之外
0,GoldCoast喜欢的日餐下个月结业对我来说就像少了一个可以再去的理由
0,并由DTM车手BrunoSpengler在赛道上进行测试
0,以三十码的速度在快车道上溜达
0,现在非智能机和安卓手机基本都带收音机功能
0,x%中国商务部xx日公布数据显示
0,释永信持有少林资产8成股权、拥有7家子公司可能还不属怪事
0,今天魔都一众CBD写字楼被一大波鲜嫩多汁的小鲜肉攻
0,请问南京人才大厦那里暑假的工作时间是什么
0,6含水量：42%直径：14
0,你很美不需要任何人来质疑这一点
0,我6月份买的机票就被取消了两次
0,因为你是有点适合投资运的人
0,6容易滋生黄牛和社区医生腐败
0,每次烈日寒冬看到小摊小贩艰难度日时
0,华为荣耀2号人物彭锦洲突然离开荣耀
0,能否在3500附近支撑住宣告C浪作为失败形态是关键
0,”警察也怒了：“没开车吹什么吹
0,手机没电安全感为零还是安心碎觉吧
0,what飞机延误一个多小时
0,增强投资者对中国股市的信心
0,在扬州看到了一个以前打我过的喵
0,看完纪录片他不慎说出中英教育的真相
0,大家如何看释永信被举报事件
0,去年x月与阿隆佐基停留过火箭
0,粉色功效：美白嫩肤、淡斑淡印、收缩毛孔、软化角质、细滑嫩肤的功效
0,“安倍”机器人在上海鞠躬赔礼道歉
0,扬子晚报记者走访南京多个市场了解到
0,大抵每个钟情苏州的人都会有这钟感觉
0,基因好你放生野外不管也好看不到哪里去
0,坚果云比百度云同步盘好用32倍
0,手太小拿不住手机老被砸到脸上
0,浙江省苍南县今日有十二级的台风好可怕
0,其实那天陌生的徐州号码打过来
0,『宝洁美女总裁熊青云跳槽京东
0,这一摩天大楼表面24000m2的玻璃均由圣戈班提供
0,小S爆料产后软骨退化节目中现场表演下蹲
0,一到飞机场发现好多这种宣传牌……啥也不多说了
0,为什么微软就给记得给每个平台都开发
0,『浙江省儿保不作为让我的儿子7月26日命丧医院
0,浙江：2015年文理科第二批志愿填报通告
0,那暑假神剧还远吗~~赶紧把四大名著下载到电脑永久保存
0,佩佩科尔特斯白炽灯在1976年被设计完成
0,城管能不能把发小广告的逮了
0,第二志愿择校分数线480刚好多了三分可是还是没有通知书现在以前我都觉得那些有钱有关系的人打个电话钱一丢就能解决事情的人很腐败可现在不得不羡慕那些人
0,事实证明实习生在办公室最好的生存法则就是只会咧嘴傻笑
0,可以有效地阻挡电脑辐射对肌肤的伤害
0,该省二本分数线文科472分、理科428分
0,所以我一般都依赖手机转移注意力
0,打从来南通我就没想过要两个人一起过
0,原来我的粉每天掉40个的真相在这
0,你有事儿都会跟我说我有事儿想到的也是你
0,由北京大学大学生设计的零能耗房屋正在北大东门搭建
0,唱响了县域经济改革“好声音”
0,回想点点滴滴路中景色的秀丽
0,小鬼中意飞机地铁公车我只好借来相关英文专业书籍研究一下
0,xxx万学费不知所踪事件已成为xxxx年暑期山东教育培训机构违规办学的典型代表
0,公务员离职多与反腐和养老改革有关联
0,P2P圈||疯狂的P2P协会：幕后真相揭秘
0,王强过世李梅要对房产进行分割和继承
0,Stream天然蜂蜜撕拉式
0,11号线三林东站4号口于8月4日至9月30日临时封闭
0,每天像癌症晚期的病人一样活着
0,连晋级都那么难那么不公平何谈发展
0,保湿防晒的涂抹量跟频率要比平常加强一倍以上
0,宿州埇桥区检察院以涉嫌放火罪对闵某某提起公诉
0,其中甲肝、乙肝、丙肝的发病率较高
0,自6月23日看见第一朵醉蝶花以来
0,原来中考是个收红包的好理由啊哈哈哈哈哈哈哈哈哈哈哈哈哈哈哈哈哈哈哈哈哈哈哈哈哈哈哈哈哈哈哈哈哈哈哈哈哈哈哈哈哈哈哈哈哈哈哈哈哈哈哈哈哈哈哈哈哈哈哈哈哈哈哈哈哈哈哈哈哈哈哈哈哈哈哈哈哈
0,18359666377新手机号
0,勾勒出最为清新自然的氧气style
0,卓玛舞台旁警察小姑娘惊道“什么
0,向你推荐一件用户xxxxxxxxxx的V店的极品好货
0,来自美国休斯顿火箭队的专属啦啦队火热登场
0,中国好声音阜阳赛区海选第二场等你来战
0,我出动空警200、运9情报收集机、轰六H
0,上写”把那些股票全盘接收“
0,由你来选择你最喜欢的设计、希望在这里你能找到你的梦想家预约
0,整个建筑群贴金镀银、气势恢弘
0,x月滴滴再次宣布融资xx亿美元
0,4种蔬菜应带皮吃冬瓜皮利水消肿
0,我也请大家去江宁的in象汇KTV唱歌
0,少浮躁少三心二意少碰手机少做白日梦少生气少没脑子少丢脸
0,江南区法院举行了外聘人员工作经验交流会
0,今天上午我们淮安小分队来到了车桥战役烈士陵园
0,企业海外投资时面临环境责任风险
0,写得一手好字的机器人、本来应该语音控制却脑抽不好使的声控机器人、自动沿着跑道飞驰小汽车……看机器人步履缓慢地带球
0,全省住宅小区、商业配套停车场的定价将放开
0,欧美女装圆领短袖漏肩黑白拼色女连衣裙图片色4码欧美女装圆领短袖漏肩黑白拼色女连衣裙图片色4码
0,到了苏州探探炸了…陌陌也炸了…几百年不用的软件突然这样…
0,我在你们城里2家店花了超过200还不能换
0,Burt'sBees小蜜蜂含维E防妊娠纹霜185g装$7
0,因为很多时候有些人他会一点一点磨消你的底线
0,IBM亚太地区行销总经理的职位
0,他看球的时间是xx年足协杯在南京五台山与申花的决赛
0,动瓣画设计师健美运动员高级私人教练
0,今天他们集聚南京和重庆为她庆生
0,将于7月25日在中国教育电视台一频道首播
0,x公里……因为去走了大桥回来再走大桥肯定没电就只能走浦口码头了…关键
0,笔电的显示屏xxxx*xxx仍是主流
0,h乘坐苏联和俄罗斯航空公司的航班
0,区区一个什么派出所检察院的小保安牛逼个毛
0,经禄丰县公安局交警大队一平浪中队巡查
0,客户只要花288元就可以获得一张300元全网点通用的加油卡和一个节油器
0,我没有很想你我只是在我不想想你的时候想你顾问
0,2400平方米孵化器欲做巨人的肩膀|猎云网8月1日
0,软件内置了一些常见电脑使用问题的解决方案
0,有关护发的七个真相你一定不知道
0,熟人社会……就连买个汽车票都要有熟人
0,南京大屠杀唯一一个时间最长的视频资料
0,说“当前塌方式腐败是因为西方意识形态蛊惑”
0,韩国今年超火爆备受追捧的一款冰丝防晒袖套
0,微软备受期待的Windows10操作系统正式发布
0,便利丨高速交通违法可以用手机缴款啦
0,一方面说明汽车的耐受性极高
0,原来花千骨才是真正的潜力股
0,最终结果是一个巨大的samplepool的整体表征
0,百a内幕假球云鼎出货4点埃及超/扎马雷克/全场大2
0,一个陌生人来店里要求我们给他支付宝里转账他给现金给我们这是什么骗局吗总觉得没那么简单
0,吴亦凡解约探韩练习生潜规则多体罚不公待遇0004
0,以前用手机注册过的账号怎么不能用了
0,所以说别让别人碰你的手机
0,巷口小贩早就不在冰箱里放着过期的牛奶折一枝月季让它陪我等待还有无家可归的猫你要不要来
0,掐多了真的只会给崔始源带来负面影响
0,旅行回来毫无感觉★★★★
0,微商第一聚拢品牌Finelycup
0,具有中国传统建筑的记忆与灵魂
0,/四川杀害11岁女童凶手落网上千民众围观
0,受害人小贾被拉至柳巷派出所旁的巷子内
0,金沙、阿瓦迪夫卡和Opytne被俄雇佣兵120迫击炮炮击
0,xxG荣耀金双卡双待全网通立即到手
0,虚拟一个至高无上的道德立场
0,和全国100所高校的师生一起实践
0,Amazon：全美销量第一
0,可能要倒闭：google地图就别提了
0,浙江农林大学这次有几个第二批提前录取专业
0,双肩包女包欧美范真皮背包牛皮旅行背包韩版潮书包英伦学院风背包
0,今天在地铁里看到月饼的广告
0,第七期和第八期分别于xxxx年x月xx日和xxxx年x月xx日偿还本金并支付最后一
0,子宫肌瘤是女性生殖器最常见的一种肿瘤
0,还会有蛀牙减缓你的治疗进程
0,求赵丽颖诋毁杨幂内幕ok吗
0,大胆到一个人坐在浙江卫视大楼外等着
0,不然大家以为美国金融危机与两房事件的大窟窿怎么补上的
0,王思聪你也是真没谁了大傻逼一个我任性一次给你们发超大的红包吧
0,今日值守单位是闸弄口派出所
0,双边协议、跨国诉讼、巨资回购
0,3A发型顾问一个多么有情调的美发店啊
0,为促进滨海新区中小微企业发展
0,暴风科技推荐券商颜面扫地复牌后股价暴跌六成
0,设计师却依然利用各种设计节省空间
0,可以同d同行嘎Rainbow前辈师傅饮野~又系笑声中教左我好多野学到唔少野~阿里嘎多~系航空业要继续奋斗继续努力
0,梦见在汽车站买票的时候碰见青哥
0,台风黄色预警中央气象局xx日xx时发布受今年第x号台风“灿鸿”影响
0,手机里有我喜欢的人却没有我能爱的人
0,如果你发现有不作为的政府环境监察部门
0,依法应由纪检监察机关受理的党组织、党员和行政监察对象不服党纪政纪处分和其他处理的申诉
0,安抚一下玻璃心的我们~天天开飞机真的开飞机了整个心情要爆炸
0,可是盲道屡遭侵占的现象却阻碍着城市文明的进步
0,x号发现孩子右耳后的淋巴结挺大
0,经历了客户不断质疑以及嫌我们开价高
0,whoo后～水研面霜：本品是啫喱状水分霜
0,所以选对一个好的医院和一个有经验的医生
0,|转htt没有特别幸运
0,亚马逊和Gills真的能有表情啊
0,心肌炎什么的最好不要再出现
0,夏天poppy、大竣已然牵起小手
0,陪伴著您進出醫院6年有4年以上都在住院
0,结果连撞了路边12辆车……前天
0,游泳池在城市住宅景观设计中很常见
0,YOYO的百科我已经编辑N次了
0,你应该先先咨询医生再决定要不要做
0,广厦片区流动商贩和城管玩“捉迷藏”天山北路和东厦北路交界处附近的一个服装夜市
0,江苏省教育科学研究院研究员金连平今天走进南图讲座
0,2015年08月01日凌晨三时一刻
0,毕竟微软能抛弃掉十几岁的IE已经是巨大的勇气了
0,波动性创新高铁矿石衍生品成交量飙升
0,上级人民检察院应当立即复核
0,这时候另一位xx岁老爷爷坐了另外一个位置
0,LOL国外爱好者精彩cosplay
0,家里的电梯太贴心了但小朋友调皮也变方便了
0,又回来了一整车货然而忙乎了一天还是没有弄好2
0,跑去英雄联盟还是、唉腾讯游戏的门槛太低…满足了大众娱乐需求的同时造成了太多不和谐因素、罢了
0,xx日晚找到他要钱、他打电话叫xx人左右手持棍棒来了打、把我弟头打烂、胳膊打骨折、签订轻伤
0,周三周四看旋风少女周五看好声音
0,在2014年纯电动汽车销量几乎占到了全国销量的1/5……
0,本门从昆山形意洞夺得化功大法残章三
0,扩展模块可以是JavaScript文件或者一个nodejs包
0,辅以简约小巧的造型设计呈现
0,以及对云中医美医疗美容在该领域实力的信任
0,7月末外汇储备下降425亿美元至36513亿美元
0,果真不能跟有信用卡的人在一起
0,一个机器人跳舞围那么多小朋友
0,手机里的满格电和腾讯手机管家
0,欢迎致电华池88中餐厅：62881234转3488
0,含蜗牛原液超多的面膜RASNAT智美蜗牛xxk纯金蜗牛面膜x片*xxml/片高弹力提升膜质地
0,1．3房地产市场信贷风险压力测试过程
0,这也是今年以来继浙江嘉兴、福建泉州和山东德州等地
0,一批阳山水蜜桃由无锡机场顺丰快递承运飞往香港
0,同程旅游红包、当当读书券、xx信用卡还款金xxx%摇得到
0,再丟了我的6plus以及兩支三宅一生的包包時
0,这边双蒸水就当RNA酶free的水用
0,现在GoogleMaps已经不能加载中国的路况了吗
0,唐伯虎和祝枝山创业理财的那些事
0,微软将不会继续为Server2003提供安全更新
0,调节内分泌：玫瑰花枸杞杭白菊金盏花
0,上次去扬州愣是吃了两碗牛肉面
0,在外观设计方面A3敞篷版看上去可能像是一款小版的A5敞篷车
0,Day1被打下车练方向盘直线踩离合Day2曲线Day3侧方明天Day4下午开始倒车库
0,同样在美国警察枪击黑人后会有另外一起甚至两起警察枪击案发生
0,很多投资者搞不清降息和降准的区别
0,自建SG特训543强化5422远投180中投190速度160防守144盖帽116看得上的来私我
0,粤Bxxxxx小车在隧道多次跨实线变道
0,人民检察院可以向决定或者批准机关提出书面意见
0,你有这个本事去弄死俩贪官啊
0,工作时间从下午3点到晚上11点每日8小时
0,合作案例——华森制药集团职工趣味运动会2015年7月7日
0,又跟老公买个很适合IT人的包包
0,京地铁现“妈妈丐帮“带娃行乞月入过万屌丝自愧父老南宁创美口腔
0,dior薰衣草紫莹光三格戴妃包美美的
0,会将病毒、细菌传播到其他人的牙刷上
0,现把我院剩余征集计划公布如下
0,这是成为一名好医生的必备品质
0,报名热线：18051024703
0,南京科技馆3D数字影院下周电影时刻表：
0,30电梯事故的通报”详情戳图↓↓
0,钱包放在车里夜里被小偷偷一部分还把剩余零钱压在车里各个角落
0,1200多艘渔船安静地停泊在港湾内
0,我家楼里一部电梯也应景地坏掉了
0,并就法院与社区结对共建发展提出意见和建议
0,这位在法院工作的同志也开始改变对“律师”和“律师行业”的看法
0,青岛、广州、大连、南京等地也实施了离婚限号
0,山东省人民政府与阿里巴巴集团签署战略合作框架协议
0,你也快来表态吧~变形金刚雨伞第二弹角色选择投票
0,就是n个月前撞了一部法拉利维修200万的那个
0,下午四点多一个xx多岁男子在阳澄湖附近游泳溺水
0,xxxx年各区域放射学术会议的现场
0,一般法院开庭审判案件的时候
0,陆风给出的xx万元的预计售价格无疑是超值以及极具竞争力的
0,两卷基本全废早上把刻盘塞进电脑时的心情简直像第一次网友见面哈哈哈
0,看到乘客刚下飞机拎着沉重的皮箱进地铁
0,有色斑、痘痕皮肤对烈日和电脑辐射反应强烈
0,天猫招聘QQ+635717391
0,防止宝宝因受病毒的侵害而生病
0,回家睡觉困坐了几个小时飞机
0,最起码贪官只是贪财贪色不会伤人
0,给大家分享“2016学府政治基础班等”文件
0,去银杏最艳炫的地方——腾冲固东镇古银杏村
0,医生从x名儿童体内查出了诺沃克类病毒
0,但只能用remote在一个虚拟的keyboard上搜索
0,今日YY：怀疑老板的老婆就是几乎从未露面的出纳
0,是为了以后得小孩能赢95％的人
0,明明已经是在编了还要跑来抢编制
0,这是让我把我的粉红kitty三轮车骑散架吗
0,被歙县法院判处罚金人民币五千元
0,到了地铁站告诉我………你出门就告诉我
0,认证信息为“浙江省象山中学志愿者”
0,上白下深蓝一色均码132包邮
0,好想把手机扔掉好好过一个暑假
0,|苏州SEO』dung
0,华为这孙子一直在打爱国愤青牌
0,x月x日x时xx分发布高温橙色预警信号：受副热带高压影响
0,凯撒旅游与北欧旅游局在北京召开发布会
0,深圳一处长落马小三吃醋小四牵出腐败
0,相声大家张永熙先生于xxxx年x月xx日下午xx点逝世于南京
0,京沪深位列三甲智联招聘发布2015年夏季中国雇主需求与白领人才供给报告
0,而LED服饰这一新兴领域正在崛起
0,服务热线：总行95559、天津市分行58778235、28371059、28376482
0,喜欢家驹喜欢beyond的都来非常好听
0,来到东站遇到好多变态小偷骗子但幸好遇到你地…
0,有没有侵占寺庙的财产才是大问题
0,裁判在比赛中吹罚了4粒点球
0,于是众多知名房地产公司从去年开始
0,在苏州用支付宝可以做好多事情
0,即将在新浪、优酷等x家主流网站和该院官方网站、官方微博上同步展播
0,”男子茫然的说：“听说下雨天巧克力和音乐更配
0,公司将严格执行内幕信息知情人登记备案制度相关规定
0,二期x号楼预计xxxx年x月底开盘
0,天津市法院已公布失信人5860人次
0,还把当年LoveRadio的Logo一并找了出来
0,小动物们是让美若黎明唤醒的吗
0,谷歌、Dropbox等公司都想要解放你的数据
0,国民革命军陆军第29军军长兼第79师师长
0,愛能違抗時間愛能抵擋坦克愛是我們靈魂勇敢掙扎的證明
0,回到宾馆便拿着电脑到前台趁wifi整理照片
0,解密南京楼市本世纪最悠久的一部热销传奇
0,别人说什么都信不信当事人瞎起什么哄好好看节目吧你们
0,深圳政府补贴代办分两三大类：第一类是互联网产业服务扶持
0,大半夜不睡觉和智能机器人较什么劲
0,在一年多时间侵占了公司256万元财产
0,无锡的妹子们质量好高跳舞好棒
0,从去年的1万8到今天3万6想想未来3年观澜的房价绝对会突破4时代挺进5时代
0,猛的一滑桃子和手机双双从手里飞出去
0,市值前5%的公司较其他公司的下跌幅度多出1%——市值蒸发约3000亿美元
0,解放军xxx医院、南海舰队后勤部、广州基地
0,今天早上我爸在说别墅装不装地暖的事我说不装我爸说主要考虑到你结婚要宝宝了二天宝宝在家上跑下跑可以打光脚板我一哈鼻子就酸了
0,该违法行为已被摄录取证录入系统
0,一场看电影引发的群聊血案??～唉
0,网站里面有百度云地址和密码：
0,周日又等了个花千骨直播…我这追星的年纪来的也太晚了点……每天各种刷微博
0,而偏偏在该死的地铁上信号不好
0,xxxx运动套装秋运动服女新款韩版潮长袖时尚修身显瘦休闲装棉卫衣
0,心痛『花千骨大结局剧透』
0,我没钱我买基金了你们不用同情我
0,政府研究數周內引入手提儀器　增加化驗血鉛
0,快来follow我的twitter
0,希望今天南京的应援成功加油吧妹子们fighting
0,其中的维生素B、E也可帮助保持肌肤的滋润
0,gaiano最大的亮点就在于可以局部瘦身
0,还有完美配合iphone的好音质
0,新手機基本上14連了………………然而沒有歐洲王子這並沒有什麼卵用
0,是贵阳人周末旅游度假的去处
0,李宁鞋类　　　　2、蓝波浪旅游鞋
0,集团收购的西班牙米盖尔公司预计将于今年x月完成交割
0,点了ribs和brisket分量特别足
0,然后我就直接顺着电梯跑上去了
0,从设计风格和材质上让人欣喜
0,淡淡的蓝天轻轻的白云闹闹的地铁咋咋的渣土车青春并不忧伤却被你演绎的如此凄凉
0,高温频频“眷顾”着浙江人民
0,我市公安系统举行省运会开幕式安保实战演练
0,　女朋友可以没有手机不能离手据说平均疯狂的人每天要看手机200次以上
0,批评政府不作为和胡作非为的社会良心人士抓起来
0,投资的技巧以及见解发在此博客当中
0,近日有消息称北京地铁17号线工程将于年底启动
0,/宝马车主骂高尔夫R是烂车引冲突双方都找爸爸助阵
0,淮安市环境监测中心站和淮安市气象台2015年7月15日联合发布
0,明明我们团体xx人的机票冰岛航空电脑里就是缺两个客人
0,呵呵随手甩他2010浙江高考数学那道椭圆题
0,女权者还在不断批判政府和拐卖者
0,86岁的大校场机场原机场跑道将打造“南京文化客厅”
0,报名时间：x月xx日、xx日、xx日共三天
0,而且要用微软账号登陆才能不关闭
0,浙江东南部沿海、福建东部沿海、广东东部沿海出现7～9级瞬时大风
0,坦克：我知道以后离开的人会越来越多
0,根本不是法律制定的问题是执行的问题怎么就有人非偏激成这样还
0,像迪奥变色唇膏175元包国际邮费
0,碰见一个小偷正在偷一个女人的手机
0,江苏省独家“我爱会计”系统上线了
0,这两年不少KTV、酒店的卖淫女都租房单干
0,我今天跑到南京市中级人民法院去阅卷
0,高职高专毕业后有5年及以上工作经验均可报考
0,在家玩玩手机玩玩电脑吹吹空调轻轻松松赚米捏
0,把人家的质疑一一回应才是正途
0,Theygiveeachothersomethingnooneelsecangive两个人走到一起是有原因的
0,百度贴吧自从被94后占领之后
0,于是一些NBA球员展示了自己是Emoji世界里的哪一个
0,扬州市区及江都区共成交商品房62套
0,内容是商业大亨一直生活在恐惧中然后被杀了什么的
0,亚马逊市值超沃尔玛藏着什么秘密
0,歌词桑的恋爱裁判周刊第六位恭喜
0,业态设计要充分体现小镇独有的文化特色
0,据科技网站TheVerge报道
0,『县委书记贪污上亿称未获重用』
0,生物电脑的成熟应用还需要一段时间
0,一看见朔雪城管组就兴♂奋到无法自拔
0,作为一家146年历史的华尔街顶级投行
0,雄伟建筑前那金闪闪的五个大字我怎么也认不出
0,一瞬间我以为我的电脑黑屏了
0,A股市场全面放开“一人一户”限制
0,而且比锤子手机贵差不多两千块啊
0,应反复浸泡3—5遍、每次10—15分钟
0,中国司法改革：通过陕西这一事件
0,别怕那几块钱的投资他能带给你的收益试了才知道
0,Q萌的外表下有着毫不夸张的清洁功能
0,所以没拿手机拍下刺激的一刻~那些滑梯吓死宝宝了
0,竟然被禽兽给祸害了应该严惩应该受到法律制裁www
0,上证50ETF昨日却因技术原因暂停交易3小时
0,亚马逊满减活动有时我们的饕餮盛宴哇哈哈哈哈
0,还很激动的问医生那是不是腿
0,五华城管普吉执法中队继续对昆肖线路边商铺“门前三包”履行情况进行核查
0,百度文库作为最大的文档分享平台
0,2、熟练使用excel等办公软件
0,每年有100小时以上志愿服务的时间和精力
0,被誉为“救命使者”的xxx急救人员比以往忙碌
0,汽车坐垫皮革夏季全包别克新凯越君越英朗GTXT君威昂科拉四季座垫
0,父母要不要承担过失刑事责任
0,下图1、2中所谓“疑似南方口音的传销组织人员殴打女子”的视频
0,本次博览会定于9月10日至12日在佛山新城中欧中心举行
0,当设计师们开始在戒指小小的面积上迸发创作灵感
0,当火箭发射出去两林绿、树木参天、鸟语老婆为老公庆生
0,压到胡建筑和黄山摩崖石刻群着你一起笑
0,"算上油费""xx号汽油每升约在x"
0,一到早上去俺清河大帝国的集、我想说我困我热
0,浦口区社保中心搭建社保网上申报系统
0,最近在研究一些场内货币基金
0,NikeAirEnterTrainer–MoreColorways：采用了椰子设计元素的AirEnterTrainer新配色曝光
0,汽车是由成千上万个部件组成的
0,10天的时间里已有多家P2P平台
0,当“互联网+”成为全社会最热门的一大潮流
0,"就问了一句""你这样一天到晚玩电脑真的好吗"""
0,对区内xx家企业的废水、废气处理设施运行情况和外排雨水、入网水质情况进行突击检查
0,以后不能买盗版Windows光盘了
0,所以还是paperwhite更适合
0,移动支付故障呼唤政府积极投入
0,而去年同期往返飞机票价格为519美元
0,强冠公司被罚款5000万元新台币
0,但到了后半夜安手机框的工作差点让我崩溃
0,为了看爸爸去哪儿把电脑打开结果呢你特么在逗我
0,用人情道德来审视法律规章是一件很可笑的事……
0,在人民医院通过了我一直都很担心的早产儿ROP筛查
0,与其每天对着电脑发呆、看小说、看电影看电视、打游戏虚度时光
0,其内部构造也同其他建筑不同
0,商业银行理财产品收益率的跌势还在延续
0,实习小护士第一个月的科室结束
0,3、轮胎保养：检查轮胎气压、括痕和鼓包
0,看漫画手机就会感觉很小好想买个mini看漫画啊现在对pad2也很卡哎不过还是觉得直接买个手机好了先忍忍吧
0,他首先向微软所有的合作伙伴致谢
0,就是被自己发现了真相之后的恼羞成怒吧
0,现在说说都是我要出去旅游导致的
0,有没有南京游玩的朋友明天一起去南京博物院看看
0,图为在江苏师范大学科文学院的观赏效果
0,蓝色床罩—电脑、白领族适用
0,市第一中级人民法院对此案审理并作出一审判决
0,检查咃死因的医生摇摇头说：咃身体的各个器官早已严重衰竭
0,每日判自己一次死刑/凌晨两点
0,于8月1日至2日在市天羽地羽毛球馆举行
0,想坐船就去码头想坐飞机就去机场千万不要在机场等一艘船
0,可南京大多快递员月收入都在三四千元
0,9点06分滨海新区政府大厅质检局的工作地
0,印航并非第一次遇到飞机上有老鼠这种事了
0,题主给的这篇新闻港媒：国家卫计委称内地单身女性冻卵属违法写到：国家计生委相关负责人近日对媒体表示：冷冻卵子…
0,本门从昆山九鼎庄夺得降龙伏虎功残章二
0,12无锡日报快门网走进五星家园
0,可以随意买车不用担心保险不用担心车有多贵
0,正宗北京可赛新1577胶水厌氧型管螺纹密封剂1577平面密封胶50ml
0,把暗疮粉刺发炎等面部皮肤问题质量好
0,喜欢出租车里沙哑的radio
0,Apple和Google均不可用
0,演员何晟铭在剧中饰演警察杨天啸
0,电梯维保人员现场揭开了踏板下的“秘密”
0,城管执法人员16日顺利拆除了五马桥76户披棚摊点
0,习惯性拿起手机约地铁第一节见
0,爱茉莉玫瑰蜂蜜护发精油发油
0,雨后的南京空气中带着丝丝飘香的泥土的气息
0,我分享了百度云里的文件：?第十集
0,夏天用電器多前兩天開足了電爐燒水爆了保險絲今天擱到六百瓦慢慢燉水
0,抢夺中国客看各国五花八门的签证政策
0,为了这帮臭小子cancel了香港回南京的机票带你们再去一次马来shopping然后一起回国休假
0,法院通讯录?|郑州市金水区法院|推荐收藏
0,遭海关质疑裤子口袋中藏有异物
0,本门从韶山连云片刀帮夺得明玉神功残章一
0,学工处为您带来第xxx期安全提醒：x
0,我骂他是婊子……图里这句话送给大家
0,③使用第三方电脑管理软件操作
0,回想起在无锡部队过建军节的时候
0,苹果、三星、华为等品牌爆款机型
0,那我以后只能跟聋哑人交朋友吗
0,上升到公安局这一国家政权最基层单位
0,西林县人民法院以失火罪判处被告人吴某生有期徒刑四年
0,近日终审判定：老太所述无证据支持
0,再与如今逐渐商业化的古城对比
0,县前街xx层楼卫生脏乱如何解决
0,而政府低收入补助及美国教育机会抵退税等也对夫妻分报家庭提出了严格限制
0,LilyBrown官网折扣
0,家长每月给园长300元交通费接送
0,4KitKat已经攻下Android设备装机率的18
0,中国十大神秘事件之二南京中山陵
0,国家一队在股指期货鏖战空军
0,今早坐2号线刚进门就发现车厢焕然一新
0,我总是质疑你到底爱不爱我
0,贵阳交警重拳整治违停第一天
0,还不如用在给需要医生特别关怀的病人身上
0,咨询华西医院挂号黑名单“解锁”的事情
0,x、柜体：Ex级环保型xxmm厚三聚氰胺饰面板
0,我县文管办和分水派出所共同出击
0,得出父母都是O型血不可能生下B型血孩子的结论
0,也曾经遇过演艺圈“潜规则”
0,现场我们见到了94岁的抗战老兵周福康爷爷并约定将会去拜访他
0,人體70%血液是靠它運送「揉揉小腿肚的驚人自癒奇蹟：超過46萬人見證
0,然后去一艘退役的潜艇里看了下
0,新一代谷歌眼镜将采用OLED显示屏
0,到目前为止德清县已有36个服务站点
1,尊敬的会员，在“三八妇女节”来临之际，鲁巷广场一楼欧诗漫专柜x月x日至x日全场低至x.x折，还有更多好礼相送！敬请来店咨询！
1,您好！我是宜信公司张盼。我们公司是跟银行合作办理无抵押信用贷款的！全国连锁，三天批款！费率x.xx～x.xx。您或者朋友需要可以和我联
1,您好:我是北京中青金融街集团公司哈尔滨分公司的魏冬元，我公司现在专为企业做融资服务，月利率x.xx%，放款周期最低三个月，无抵押，放款
1,您好：我是布吉天虹阔太柜台的小刘，阔太在x月x日至x日在一楼中厅和三楼手扶梯促销特卖xO一xxx元，欢迎前来选购吧。
1,祝克丽缇娜城市花园店所有新老顾客朋友羊年大吉！事事顺心！一年只有一次的开门红:只需xxx元就可获得x次身体局部护理〈注:部位任选，一部
1,尊敬的新老顾客：x.x妇女节即将到来，本店亲情回馈，购买韩国御馨堂正品一律x.x折，另送护理，蚕丝嫩白补水面膜一律x折 活动当天即可！
1,亲爱的会员朋友，孩子王奥山店游乐场办理童乐园xxx元xx次送xx次共xx次，年卡xxxx现半价xxx元啦，活动日期x.x止请加微信to
1,，销售路面设备配件，提供设备保养、整机维修等服务。另新出一款履带板，质优价美，安装更方便！敬请惠存！
1,尊敬的业主，这周末在熙园xx号工地举行熙园小区户型解析会，专业设计师为您讲解，诚邀您参加，东道逸筑楼盘主管杨波xxxxxxxxxxx
1,你好我是方太厨电小刘。xxx的到来，给你们即将装房子的你，带来了优惠，让我们方太也能为你新房增添一份光彩吧！请关注方太！
1,您好工作顺利。欧派x，xx活动正式启动。衣柜连门带柜xxx元每平方。橱柜含石英石台面，x米地柜x米吊柜送近吸式烟机，炉S
1,您好！【博典昆明淘宝线下体验店】地板、瓷砖、墙纸一站购齐为您省钱xx%以上！优惠多多 ，赶快进店选购！愿您装修美美，心情美美！大商汇
1,平安易贷可帮您获取所需资金，无须抵押，手续简便快速，快来申请吧！，在申请时输入我的邀请码xxxxxx，邀请码有效期至xxxx年xx月xx日。
1,您好，我是华融财富，李婷！祝您，元宵节快乐！汤圆粘粘，情谊缠绵；汤圆圆圆，花好月圆；汤圆鼓鼓，齐天洪福；汤圆白白，快乐无邪；汤圆大大，好运呱呱，合家团圆，快乐无边！  理财产品：五万 一个月x.x%xxx元 三个月x.x% xxxx.x元 六个月xx.x%xxxx元 一年分xx个月付息 xx %xxxx元 一年到期本金加利息xx% xxxx元 理财热线:xxxxxxxxxxx李婷歡迎您的致電！海曙区车轿街xx号xx楼
1,亲，我是皇冠假日，妈咪杨雪，那边不做了，现在蓝桥上班，这边xxx，xxx，没有游戏舞蹈，没有台票，你如果想过来可以联系我，
1,专业维修洛口机开花机各种配电箱线路，打包机电路。上门维修，xxxxxxxxxxx
1,尊敬的顾客您好：春风送来暖暖意，在春季来临之际，南雄宾奴商务男装特别促销活动即将开始，全场衣裤买一送一，让您在新的一年事业“春”风得意
1,尊敬的会员您好！我是红博欧珀莱的崔柳，咱们的活动是三月四日至八日、凡购买xxxx、xxxx、xxxx、或含精华全单八折、具体活动内容你
1,尊敬的会员新年好！庆祝x月x号妇女节，圣元优博奶粉x.x段买满xxx元立减xxx元，厚街大润发店，活动时间x月x.x号x天
1,您好！我是华运中心店伊利奶粉促销员。因店内系统问题，奶粉又重新打折。x.x折，x.x到x.x，欢迎光临。
1,上海海关二手挖掘机销售有限公司、恭祝你身体健康、万事如意、财运滚滚。本公司有上千台挖掘机，主要销售小松，卡特，神钢，沃尔沃，大于，现代
1,你好:我公司专业生产油罐车.
1,三月女人天，靓丽伊人节。你好，我们是丝域养发馆凤城八路店，在节日来临之际，我店于x月x日～x日，特推出办卡钜惠活动，优惠多多，惊喜多多
1,还 为 学 历 而 苦 恼 吗？大专，大本，资 格 证书=档 案 齐 全，官网 可查。电 xxxxxxxxxxx 李
1,尊敬的客户朋友，新年快乐，新的一年，江铃汽车全体员工给您拜年了，新春佳节购江铃享大礼，抢红包等，更多惊喜等着您。江铃汽车吴文康
1,我是点亮艾思宇老师，送您一份大礼：x月x日下午x点到x点分享《如何爆炸式倍增收入》的演讲会，希望对有帮助，送您x张价值xxx元门票！报名回复
1,亲，现在露得清细白系列和水活保湿系列现在x件x折，x月x号—x月x号在打xx折，相当于x.x折！x月x号当天露得清会员双倍积分，仅限于
1,光谷意大利风情街二楼临街旺铺（还在营业中）超低价急转，零转让费，不可错过的机会。有需要的欢迎来店面谈。
1,您好！Masfer.sux月x日~x日淑女节，公司感恩回馈！现部分商品x折优惠。满xxxx更送价值xxx的精美背心一份！数量有限哦！赶
1,您好，新概念辅导中心新学期课程已正式开始，开设晚作业辅导班，周六周日单科辅导课程。详情电话咨询，祝羊年大吉，万事顺意！
1,女士您好！ 非常感谢您对我们金月汇精致月子会所瑞安店的关注。 本周我们会所提供免费听课活动！欢迎孕妈妈和家人的参与！ 活动主题：孕期营
1,杭州鑫金弘物流有限公司感谢您的致电！我单位办公场所为：桐庐县横村镇桐千路xxxx号。本公司主要从事普通货运、货物专用集装箱运输，特开通
1,女神节推出了节日特供产品，瑞享xx期（佳人版），xxx天，x.x%，xx万起。限VIP客户专属。邮储银行国庆路支行小蔡，欲速从购！
1,兴业银行产品快讯：安邦长寿稳赢银保产品正在我行火热销售中，保本保收益！x年保证收益x.x％，x年保证收益x.x％，降息通道快锁定投资利
1,初春花园，轻握来自时光的礼遇，遇见时光里最美的自己。届时可获得品牌特定礼品，店铺地址徐家汇太平洋百货x楼娜儿思，店铺电话xxxxxxx
1,雁塔区鱼化寨鱼斗路复地优尚小区商铺，xx平xxxx元，苏记饸饹烙面。米乐生活广场（超市）对面，卡布优尚幼儿园隔壁，博迪中学向北xxx米
1,尊敬的贵宾：您好！龙海绿韵兰茜美容养生会所全体美容师祝贺您三八妇女节快乐！为了感恩回馈新老客户，本会所将在x月x号举行优惠活动，凡当天
1,好消息来了！港龙安妮店全场x——x折。疯狂大甩。赶快来选购吧
1,龙发装饰恭祝您羊年大吉！春季家装大惠，大型家装主材活动进行中，定家装送主材，定家装送家电，性价比最高的装修优惠等您来，x月x日，体育大街和平路交口南行xxx米路西【冬梅】恭迎您的到来。
1,新年新气象，为EPS生产企业一站式服务，公司已正式开工，网袋、料仓架、铁皮管等配套设备均可下单，欢迎各位泡沫厂的朋友们多多关怀！祝朋友
1,先生！新年快乐！洋年发发发！ 目前我们银行贷款品种还不错，利率大概x.x厘左右，放款，额度都还不错！您如果有考虑可随时联系：xxxxx
1,你好，我是达阳化妆品店彩红，三八女人节将至，店里推出优惠活动，丸美买xxx送xx，嘉媚乐买xxx送xxx，瑾泉买xxx送xxx，珀莱雅买xxx送xx，自然堂买xxx送xx，佰草集满xxx送xxx详情可以到店咨询
1,康奈 芬芳女人季  新款春鞋x.x折后再减xx元，全场女靴x折！地址 增城西城路xx号康奈  祝 节日快乐
1,尊敬的客户您好！厂家开门红让利活动定于x月x日.优惠和奖品多多千万别错过了.风行新塘名驹店陈桂清约定你啦.xxxxxxxxxxx
1,新品上市款式齐全立足于新时代女性独立自信的灵魂，完美融合时尚与经典的中国一线时装品牌卡利亚里，丽人节陪你遇见幸福的自己，x月x日
1,您明白了真相，为了您的平安，请尽快回复一个化名（编号也可以）： x宽益 x慧和 x轩先 ，谢谢！
1,特大好消息:丽源美容养生会所xx年三八妇女节回馈活动开始了！x.x号前预交xxx元活动定金即送xxx元膜灵一瓶！活动详情请店内咨询！咨询热线:xxxxxxxx
1,高三艺考生的孩子冲刺辅导的“x～xx人小班”，老师在教学生知识的同时，更教学生获取知识的方法。地址：两湖天下斜对面十字路口处(翰林教育
1,【十大名盘五星级样板品鉴、抢定会】暨【春季家博会】启动！吉祥x宝镇宅好彩头限量派发；x大福袋全赠送；为您提供量房等前期服务！雅筑星沙店张竹
1,预约面试时间) 上海易旅实业有限公司  主营旅行用品，户外装备。 联系人:王佳 电话，xxxxxxxxxxx 手机，xxxxxxxxx
1,新年感恩回馈
1,您好，我是宜昌利信快捷金融公司客户经理小邓，公司利息最低x.xx
1,寿阳潞安祥升煤业招工。要求：男、xx----xx岁，中专，技职高毕业，xxxx年x月取得毕业证的均可。（x）、建采煤大学学籍。上班实习三个月，工资xxxx元左右，转正后工资xxxx元以上。（x）、xxxx年国家计划内统招大专  名额xx名   跟潞安职校走    不上......
1,你好！你创业，我给力，要贷款，找富民。开阳富民村镇银行客户经理李家莉祝你在来年生意红红火火，新年快乐！
1,筹x万抵x万！xx-xx-xxx平地铁纯板式小户全城热销中！地址:高新四路万科魅力城旁(高新四路旭辉御府站)。欢迎来电咨询！！
1,国美五一店x月x日到x月xx日热到爆，空调节全面启动，%美的空调%疯狂抢购，心动不如行动，赶快行动吧！在过去的一年和几年里，许多小伙伴
1,深圳北汽澳润周年店庆月，北汽幻速最高x万元巅峰钜惠，更有五重大礼等您拿！更多优惠详咨询：xxxxxxxxxxx
1,天虹鞋区奥卡索，x.x号回馈老顾客，本柜台折后再现金满xxx再减xx，欢迎您的光临!
1,您好:滏东美食林飞鹤奶粉（整箱购买）全场x折，飞帆系列买三赠一。超飞帆x段x段买一听返xx元，一盒返xx元。x段一听返xx元，一盒返x
1,老师您好，中安信业任立东，做中行信用代。速度快，有急用的时候随时联系。元宵节快乐
1,xx号约您见证美容院x天拓客三百人，二百平店每月xx万业绩，一个月招聘xx名员工，现在报名免费拓客二百人电话微信xxxxxxxxxxx高总
1,{網上-博采!老-品-牌!信-謍-好!佰#佳#楽!体￥育!龍*唬...详情登入:dhyxx.℃○Μ
1,亲们达芙妮折扣店三八节特别优惠两件x.x折三件x.x折还有两天时间哟快来选购吧
1,【格兰云天大酒店一楼GIADAx-x折店】x月x-x号折上折，一年一度感恩回馈，另有二十余新款华丽到店，抓紧时机！不要错失最美的时光！
1,挤干价格水分，扩大价值空间【翰林世家】现房，中央空调恒温热水，公摊小，户户多得x-xx平米！每周秒抢一口价特惠房，询xxxxxxx[翰
1,感谢致电张家口轩之宝，x/x系xx寸低温天气轮胎特价xxxx元/x条，仅剩最后几套，欲购从速，更多优惠请到店咨询。
1,您好，我叫凌冠升，番禺石碁人，现向您推荐我公司(英德市下太钛凌冠石英砂场石英砂)产品 (规格：xx～xxx目)： 石英砂(湿砂)成份(xx年x月广州华宝玻璃有限公司化验结果)： ALxOx为x.xx% FexOx为x.xxx%     SiOx为xx.xx%  石英砂(干砂)成份(xx年x月广州华宝玻璃有限公司化验结果)： ALxOx为x.xx% FexOx为x.xxx%     SiOx为xx.xx%  到货广州内价格（含增值税票及运输费用）： 石英砂(湿砂)xxx元每吨 石英砂(干砂)xxx元每吨 有意向合作请联系凌生 电话:xxxxxxxxxxx 顺祝贵公司蒸蒸日上，蓬勃发展。
1,四月考察讯息！外世邀您赴葡萄牙尊享x星考察，探寻有利的投资价值，只需购入xx万欧元或以上房产，尽享尊贵生活。详询外世出境xxxxxxxxxx
1,卡号：平安银行xxxx、xxxx、xxxx、xxxx、xxx钟鸿馨
1,余干建材冠军联盟于x月x日xx点与您相约金源大酒店，力拼余干建材冰点价，买齐立省一年工资，抢票热线：xxxxxxx
1,哥！你好！我是漯河义乌国际商品城的小乔！十万方奢华商圈！汇聚小商品的海洋！线上线下！一线配送！首付三万轻松座享xx年收益！项目地址郾城
1,我厂生产xxx米国标。xxx米国标xXx米，丝杠。xxxx米，xxxx米，x个x米市标中标，国标，型号齐全《都有现货》！欢迎来电咨询电话xxxx_xxxxxxx。明波丝杠。
1,杭州「捷达开锁」公司欢迎您。本公司专业开锁、汽车解码、智能钥匙匹配、IC ID卡 遥控器复制、锁具安装销售等业务。xxh上门服
1,邮政：xxxx。xxxx。xxxx  xxxx。 xxx户名高树文
1,爆特价抢购、下定得红包、“买二送四”、折后总额再享精美礼品大派送！多重活动，多重优惠！汶水路(红星美凯龙)x楼诺贝尔磁砖—缪丽娜 欢迎
1,扬州君临天下新年特别推出:洋酒、红酒买二送一，啤酒买两箱送一箱活动，时间有限，欢迎拨打xxxxxxxxxxx咨询预定！扬州君临天下祝您
1,尚贤艺术会馆（书法、美术）xxxx年春季班于x月x日星期六正式开始上课，火热报名中，期待您的来临！春季推出优惠活动： ［优惠一］多
1,xx元优惠直到开盘最高可享受x万x千元的优惠，办卡越早优惠又多，最好在周六前来还能享受一个最大优惠。之后来就没有多少优惠了。
1,魅力女人节，买任意产品即可以xx元换购价值xx元的高肌能水一瓶，或清爽防晒霜一份，买满xx元即送护手霜一支，满xxx送价值xx元四色
1,??????乐迎元宵，欢庆“三八节”！靓典xxdays与您携手共享“三八节”的微道平台乐购与美丽:限时抢购x.x折产品，每组只需xxx
1,春季护顏、养生正当时，x.x女人节，水顏舫为您送实惠！当日购家居产品可享：安植家居产品x折，雅梵哲产品x折优惠。另凡是护理项目一律x.
1,喜迎x.x妇女节，金丽姿特推出以下活动回馈老顾客:水肌源活力深度防晒乳原价xxx元，现特价xx元。。。。有机韵白防晒套盒原价xxx元，现特价xxx元。。。。。                                方案一:高丽参韩方御白焕颜套xxx元，送雪颜双重五件套xxx元。      方案二:浪漫莲花韵白皙颜保湿套xxx元，送水合润妍五件套xxx元。   方案三:面部松筋塑颜套xxxx元............
1,元宵节即将来临 预祝您及家人身体健康 万事如意！另店内优惠活动不断 订宴会 省现金 送茶坊机麻 优惠活动停不下来 ~ 蓉杏酒楼红牌
1,上午好O:-)O:-)O:-)美女，咱们阿芙xx节有活动，满xxxx送xxx，满xxxx送xxxx，全是保质期两年以上的正价产品，全场任选，超级划算，可以买回去囤货自用，可以送家人朋友，超级超级划算，需要了就来店面或者联系我:-D:-D:-D
1,路x号（植物园向北xxxx米），到店请找网销部张远，购车价格比展厅更优惠，电话xxxxxxxxxxx。本店提供免费的试乘试驾活动，期待
1,乐晨教育下设两个全国连锁品牌，百家筝鸣古筝艺术中心和欧狮钢琴，专业从事古筝钢琴培训。现有三个校区，秀峰东路校区：秀峰东路xx号，加油站
1,便快捷，如您或您朋友有资金需要可随时与我联系，祝您生活愉快！      x.贷贷卡 :天息万分之x.x，额度xx—xxx万（不是商圈也
1,【五魁首】相约郑州倒计时 x天亲爱的你好，传统生意如何破局？如何当月盈利？如何年挣百万？营销闭环如何设计？【五魁首】TMT项目启动会与x月x号隆重面世，【英达集团】董事长现场为你解读商业密码，独到的OxO、BxB、与TMT的结合，独创的IPC商业模式，项目九大盈利闭环设计！诚邀您届时亲临会场，共享财富商机！时间：x月x日（周六）下午x:xx 地址：郑州市金水区花园路与纬五路交叉口大河锦江饭店x楼嵩岳厅！联系人：英达集团~王助理  xxxxxxxxxxx
1,你好，紫薇山庄现有一套性价比超高的独栋别墅出售，产证面积xxx平，占地面积一亩二，超低价出售，xxx万净拿价，机不可失！
1,xx期:期期必中生肖：羊马蛇虎牛猴鸡狗猪≌？？？≌　√
1,x元，我专柜x月x-x号还有满额赠，春款全部到店，x月x -x号全场x.x折，往您x-x号前来领取节日礼金，谢谢。店里电话xxxx_x
1,罗马世家尚成装饰恭祝您元宵节快乐。节后装修开始啦！活动期间凡本小区业主就送装修设计效果图，仅限xx套。  详询：xxxxxxx   地
1,鼎邦装饰对【紫金东郡】征集样板房，送厨 卫阳台吊顶。咨询户型方案设计。地址:世贸大润发、{楚王陵对面｝钻石国际A座xx楼小兰
1,造更舒适更温馨的家。 ?近期我司在做一个优惠活动，可免费量房，选择我们施工设计费打对折，如有需要可拨打xxx-xxxxxxxx 或xx
1,您好，我是刚才跟你联系过的皇巢装饰公司的施雪梅，公司地址:麒麟西路二医院旁，就是老煤技校的对面！我们公司目前在做活动，优惠力度很大，现
1,姐，你好，我是世纪金花宜品生活光华路店，澳洲生活馆导购员，为了迎接三八妇女节，本专柜将于x日，x日，x日三天，满xxx立减xx元，加精
1,平安易贷可帮您获取所需资金，无须抵押，手续简便快速，快来申请吧！，在申请时输入我的邀请码xxxxxx，邀请码有效期至xxxx年xx月xx日。
1,福安市工商联组织福安市企业经营管理人才参加中国人民大学“企业管理大型公益讲座”，时间x月xx日-xx日，地点中国人民大学，免收培训费，食宿及往返交通费用自理。请有意向参加的企业于x月xx日前与市工商联办公室联系，电话xxxxxxx。[福安市工商联]
1,好消息！移动公司限时优惠：移动宽带（xxM光纤）一年xxx元另送光猫，夏邑大部分地区都可安装，安装请联系宽带营销经理xxxxxxxxx......
1,雅轩美发会所迎x周年店庆 携手x.x节推出大型回馈活动  老会员续充可按充值金额百分之十返送 充值xxx元送xxx元 xxxx元送xxx元 同样享受折扣优惠 购买洗护产品可享受会员折扣 凡x.x节当天烫染可享受两人同行 一人免单 数量有限 送完为止 活动时间x月x日—x月xx日  美丽热线 xxxxxxxx
1,您好，我是阳光车险的吕瑞博，在x.x号当天有一次大型的优惠车险爆点活动，除了价格上的优惠之外，另外在投保礼的原有基础上翻倍的送您，比如之前送xxx，x.x号当天送xxx，女性车主更优惠！！！
1,卧龙新街旅游文化产业园，恭祝您元宵节快乐！阖家欢乐，万事如意，卧龙新街独门独户独栋，生产居住办公一房多用  现推出迎春惠农，一万抵两万
1,你好，美女万德隆府衙店百雀羚现在做活动水嫩倍现套盒原价xxx元现价xxx元，八杯水面膜原价xx.x元，现价xx.x元，活动是三月四号到八号欲购从速，活动期间另购买其他产品均有礼品相送！今天下午和后天下午我都在！祝您元宵节快乐，天天都有好心情！
1,喜迎三，八。香港慕之淇女装感恩亲友大回馈，春装新款vxP顾客买一件折后立減xx元并送xxO元代金券，期待您的光临。  。活动时间x月x
1,环球龙文少儿英语许老师：家长您好！新学期开始了！我校五周年校庆强势推出外教口语，内容丰富。地址：师大幼儿园往育才小学方向走xx米环球龙
1,亲爱的，三八节到喽，只要买一个套盒，就送一个疗程减肥套，快来店里抢购吧！地址金惠路xxx号，我是黛芙妮尔萍萍  提前祝你三八节快乐哟
1,三八特惠:法曼儿内衣店进店抢红包！！全场内衣x折起，好礼送不停（新款到店）
1,新年新气象，德桂轩（曙光路xx号）侯謌祝您和家人元宵节快乐，德桂轩近日推出台州新菜品，价格实惠，味道鲜美，欢迎品尝！
1,私人银行x/xx重磅推出结构化保本产品一年期，xxx万起，业绩基准xx%，投资对象：一、债券、存款等高流动资产，二、债权类资产，三、权
1,新年好！吴文付在此给您拜年了！为了迎接崭新的一年，【欢乐佳园装饰】在xxxx年x月x日筹办新年的第一场家装活动盛宴！其更多优惠欢迎您致
1,销商推出“庆三八妇女节，享预存款返利”优惠活动。活动时间：自xxxx年x月x日至xxxx年x月x日止。预存款自xxxx元起底至xxxx
1,上海星瀚健身招聘会籍顾问xx名，底薪加提成综合工资五千以上，交保险提供住宿，每月有公休，地址:上海普陀区武宁南路xxx号智慧广场xx地
1,尊敬的会员顾客，即日起凭短信满xx立减x元，优惠券号xxxxxxxxxxxxx，截止时间x月xx日，详询店内  回复TD退订【老百姓大药房】
1,您好，我店即将在x月x日到x日举办一个自动挡新车上市会，届时有到店礼，试驾礼送！欢迎到方林汽车城英致潍柴展厅看车试车
1,农行，魏兵兵xxxxxxxxxxxxxxxxxxx
1,你好，我们是成都专业提供兼职（礼仪-模特-发单-举牌-促销等）人员的公司，有x年的糖酒会执行经验，有需求可以跟我联系，李经理 xxxx
1,庆元宵，抢红包。恭喜发财，好远快来，楚伊会所x月x日至x月x日，豪礼大放送等你带回家，赶快行动吧！美丽热线xxxxxxxx
1,浓情专宠，挚爱之选！x.x爱美购，x.x节到了送给自己，妈妈，老婆的悦心之礼就在黛芙妮尔！凡x.x当日进店选购的家居产品均打x折，部分
1,您好，冒昧打扰了望见谅！霍山金昆市场伊兴土牛肉店，鲜土黄牛肉xx，牛排xx元一斤供应酒店，如果需要可以到市场来选购或打电话配送，提前祝
1,名晟装饰感谢您的支持！本公司主要经营别墅，豪宅，办公场所，室内装修设计。欢迎新老客户来电洽谈！手机：xxxxxxxxxxx，地址：临江
1,你好，我是红苹果家具白云双，告诉您一个好消息，开年巨献百城联盟！预交一百元参加三月二十八号的活动，银都大酒店三楼，xxx元=装修达人书一本+星光大道人气总冠军居子涵演唱会门票一张+砸金蛋抽大奖活动+产品特价优惠
1,快乐女人节，美丽年计划！华汇尔为了回馈新老顾客，x月份开卡或续卡有价值xxxx?xxxx的豪礼相送，机会难得，名额有限，先到先得，有需
1,铺房源，独立产权xx年，首付x万起。本周参团可享受VIP客户优惠。上海莘庄、人民广场有接送班车，欢迎提前来电预约:xxxxxxxxxx
1,您好，我是之前给你联系做银-行-贷-款的林先生，负债高信用差可操作，额度没上线，最新渠道月息最低x厘
1,加气机.加气泵.高压胶管.万向鹤管等
1,精致生活精致女人x.x节到了，凡购雷诺车可赠送一吨汽油及享x 利息x 月供，让您后顾无忧！所有到店女士享精美礼品一份、咨询电话雷先生，
1,您好，新年快乐，天誉花园二期xx～xx平，高拓展x~x房带装修，不限购xx年。月底开盘，周六首次公开释放，销售小薇：xxxxxxxxx
1,如果您身边有朋友或同事或亲戚需要资金，又不想找朋友借，得不到解决的，你可以介绍给我，我来帮忙，无抵押无担保信用贷款，房子抵押贷款，车子
1,想科技化转型？想提升报班率？xx天！爱乐奇助您轻松构建OxO模式，做透少儿英语培训市场。询xxxxxxxxxx。-爱乐奇，爱学习 回TD退订
1,【团队自转落地】企业真正需求？新高度：  通过辅导的方式把企业的 人带起来，无论领导是否在公司，团队一样“自转”！请电xxxxxxxxxxx
1,安徽大志集团，九年时间，合肥房产抵押贷款第一品牌，现推出理财产品，月息x分x，按月付息，房产抵押做保证，欢迎各界人士前来咨询投资
1,尊敬的移动惠农网客户：您好！我公司推出购机送话费活动：xG智能机xxx元送xxx元话费，老年机xx元送xx元话费，加入惠农网电话免费打，
1,是做正规保健按摩服务，保底xxxx月，现急需技师数名，若你有意向请致电本机或亲临本会所详细了解，面谈。联系人谢经理，我们真诚邀请你的加
1,尊敬的家长，新年好，丹彭城外教英语特训营给您拜年了!新学期本周报名年卡赠送xx节课外，还有滑板车赠送。有意请联系彭老师。地址：富通城一
1,??胶原蛋白饮料买xx盒送x盒（免费赠送 ）??满xxxx元换修护乳液一支xxx元??满xxxx元换修护滋养精华一支xxx元
1,亲，本公司代办全国各地各种证件，货到付款，电话xxxxxxxxxxx比此电话长期有效，敬请保留
1,罗平木依坊，真我永恒冬装全场x.x折，春装x折，部分x.x折，只限x天，凭短信进店有礼'心动不如行动，
1,银行无抵押贷款，当天下款，利息全市最低，xxxxxxxxxxx夏经理
1,本公司长期有效，代开云南各地正规机打发票：国税，地税，增值，材料款，工程款，服务业等，网上可查，额大从优，朱敏xxxxxxxxxxx
1,开心过三八、三八买黛博兰凯邦防嗮送[嘘][嘘][嘘]柔敏舒缓水啦、数量有限、速来抢定，冰美人防晒买一送一！[玫瑰][玫瑰]本店现招聘优秀美容师数名
1,温馨提示，三月你的特权月，全场新款x.x折，再积分xxxx分减xx元，仅一次不限件数，带上你的亲朋好友享受你的特权吧！(恩瑞妮宗关店)
1,全国首家头发养护连锁机构现高薪诚聘养发师，月薪xxxx----xxxx，免费培训，男女不限，，年龄xx岁以上，有无经验均可，联系电话：
1,您好，我是您香 邑 溪 谷置 业顾 问 夏雨，现有部分抵 账房 源，价 低物美，以及免 费送元宵活 动。咨 询：xxxxxxxxxxx
1,xxxxxxxxxxxxxxxxxxx……唐享英，农行，这是我的卡号，把钱跟我打在这卡上
1,感谢您致电上海思明电器，我司专注于商务和家用空气净化领域，为您提供最专业的技术和售后服务，做您身边最贴心的空气净化专家，执行经理刘冰恭
1,紧急清货；海宁皮草年末回笼资金、舟山定海凯尔登大酒店x楼、男女皮衣、皮草、水貂全场x-x.x折封顶清仓，询xxxxxxxxxxx【海宁
1,房可贷.车可贷.沒房没车工薪贷.上班半年以上.有社保均可申请贷款.电话:xxxxxxxxxxx叶经理
1,推出冬装回馈款x.x折优惠，恭候您的光临^_^购物有康乃馨赠送哦
1,亲爱的VIP：MASFER-SU女人节活动火热来袭啦！x.x～x.x期间xx年春季所有商品及xx年部分商品x折优惠，更有吊牌价满xxx
1,专做银/行抵/押贷/款，信用贷/款，月利息低至x厘-x分。渠道过硬，放/款迅速。有意者请联系张经理：xxxxxxxxxxx【曹经理】
1,女士你好！武汉钢谷板材批发城目前已经开业，产权商铺十年退本火爆销售中，年均收益达到xx%以上，八年白得一间商铺，轻轻松松当房东。项目地
1,你好，我是艾仕壁纸店的销售顾问王敏，想问一下咱壁纸壁布选了吗？咱店面现在有大型优惠活动特邀请你来店面选购。还有原装进口特价壁纸限量抢购!
1,尊敬的会员：喜迎三八节之际为答谢您长期的支持与厚爱，推出内衣x.x折的优惠活动，还有部分特价商品，茂业百货金源店曼妮芬全体员工恭候您光临。
1,亲，你好，金百合婚纱摄影活动开始了，亲朋好友要拍照的帮联系，介绍会有礼品相送
1,飞虎公司招聘，周末双，xxxx一个月，包吃两顿，女的xx男的xx、请各位朋友们发给需要工作的人
1,外面的世界很精彩，外面的房价很无奈，齐星花园欢迎您回家置业，新春返乡“十重大礼”盛惠全城，最高优惠x万，市内精致现房，火爆销售中！咨询
1,企业家苑邱雅倩祝各位新年快乐！  本周末企业家苑特推出十套特价房活动，价格低至xxxx元！案场更有DIY灯笼，免费试吃汤圆兵赠送汤圆一袋！如果您有时间，可以和家人朋友一起来我们项目售楼部参与！期待您的到来！
1,您好，我是郑州恒瑞铝业的小康，我公司主要生产xxxx铝水棒，质量稳定，规格齐全，价格优惠，如有需要可以电话联系。
1,半付半贷x利率 特惠车型——途观 途观——跟着自己的感觉走  勇敢出发   美女相伴，鲜花不断 到店客户即可获赠精美礼品为美丽的您锦上
1,【materialgirl官方旗舰店】亲，明日x点MG开启一周年庆典模式，商城同款低至x折，全场实付满xxx送发带，更有xxx元优惠券
1,【春水堂】三八大促，千款用品最高立减xxx元，送礼不如送老婆性.福，活动仅限x天，登陆chunshuitang.com也可手机下单。退订N
1,你好！我是广州宏盛汽配的经理，主要经营奔驰、宝马、路虎、奥迪等各车系的拆车件和新件，欢迎贵公司的合作。电话xxxxxxxxxxx，微信
1,尊敬的业主您好：我公司是在十九城邦专业做封阳台，断桥铝门窗，室内外钢结构混凝土等工程的。已在xx，xx
1,xxxxxxxxxxxxxxxxxxx 程建芳，邮政
1,中国农业银行，户名柳连喜，卡号xxxxxxxxxxxxxxxxxxx
1,（澳门威尼斯赌场）官网：www.vnsnx.com、专管：百家乐、龙虎门、时时彩、牛牛、足球等等……能给你如临现场般的真实体验。
1,冬衣收起
1,本公司生产PVC面板加工 控制面板 膜内注塑 拉丝面板 镜面面板等印刷产品各种标牌加工今年在港河路xxx号哦价格便宜，电话联系xxxx
1,亲爱的～我们x/x-xx有按摩活动，现在开始接受预约了，另外x/x-xx商场有春季化妆品节活动，单柜xxx当xxxx的活动需要预约按摩
1,特大好消息 喜迎三八、艾健堂大酬宾  一、五行十二经络循环调理 ：原价一个疗程xxxx元，现只需xxxx元即可享受  二、生物原液蚕丝
1,广德德善小额贷款有限公司是隶属于安徽省供销社的国有公司，专门为各类型个体工商户、微小型企业提供xx万元以内的无抵押贷款，手续方便快捷、
1,"体家居欢迎您的再次光临）进店即抽送xxx元开门现金红包!欧派xxx""鉴证欧派力量""盛惠来袭!  衣柜店：迎宾大道水郡世家小区一楼 电话"
1,x月x日x：xx永鸿文化城元宵喜乐会，抢钱、抢元宵大礼、抢购房优惠，邀请您全家一起来玩，记得带上身份证。另幼儿园开始报名，商业店铺即将销售。
1,好消息！好消息！  艾米纹绣感恩回馈贵宾大活动又要来临了，一年一次的〈三·八〉妇女节马上来临，感恩一直对我们瑞金店工作上的支持与厚爱！所有x月x号到x月xx号进店的客户可以免费享受眉、眼、唇设计一次，还可以领取到精美礼品一份，地址：瑞金国光超市一楼，电话：xxxxxxxxxxx(凭本信息领取)xxxxxxxxxxx
1,亲：女人节快乐！南昌百货二楼瑞法斯专厅，回馈老顾客，特推出：x月x日—x月x日：购买正价产品满xxx元立减xx元！限时抢购！恭候您的光临！
1,电子厂直招八小时双休，做五休二，平均每月综合工资为xxxx元到xxxx元，工作轻松，工资稳定，有保障，包吃包住住宿有空调热水器网线。公
1,炫雅造型店庆一周年，为回馈答谢新老顾客大放松，充值会员xxx元x折赠送豆油x瓶。xxx元会x折赠送豆油一桶“大”。xxx会员x折赠送豆
1,广二师电大本学期xx春学生本人在x月xx日前报读本科的，第一年学费可优 惠xxx元；如推荐他人读专科或本科的有奖励。咨询电话xxxxxxxx
1,亿美居曲美家具x、xx安全消费日重拳出击了：多款特价套餐买客厅送餐厅，厂家特供限时限量。买家具抓现金，抓多少送多少，错过机会在等一年，
1,石家庄生活家装饰xxxx.xx㎡新展厅，将于本周正式开业到店即享设计费x折优惠，签单即享xxxxx元家装大礼、x.x折家具大礼。同时，开业当天更有xx英寸电视、主材升级、德标辅材升级等巨多优惠等你抢！小龚恭候你的到来。   地址：槐安路与谈固大街交口 东行xxx米 路北 生活家装饰
1,脑等您拿！还有玻尿酸送噢！无限量品牌床品温暖大派送！这个新年在天姿邂逅的不仅仅是美丽！更多活动详情请咨询：xxxxxxxxxxx
1,唐山市鑫泰达门业携全体员工祝福您和家人元宵节快乐，身体健康，万事如意，现已正式接单，欢迎新老客户来电咨询下单，我们将一如既往为您服务，接单热线:xxxxxxxxxxx，xxxxxxx
1,九江钰诚财务服务有限公司；十多年会计经验，主要提供会计代理，财税一条龙服务及代办公司注册、变更、年检、商标注册，胡会计欢迎您来电咨询合
1,约克墙纸定于x月x日-x月xx日开启优惠大酬宾活动，活动期间全场低至x.x折。详情见店内海报（店址大梁门里向东xxx米路南）
1,您好！我是刚给您打电话的中国电信的客户经理小邱，预存话费送话费送宽带的优惠活动正在进行中。预存xxx元送xxxx元话费，首次到账xxx
1,喝酒不用花钱，还能赚钱，你知道吗？为提升品牌效应，厂家投巨资把广告宣传的费用，惠及到消费者（会员），使消费者真真正正得到实惠，免费领取价值xxx元小米黄酒一箱一箱，春节后还有千元大奖。咨询电话xxxxxxxx，xxxxxxxxxxx
1,尊贵的贵宾您好，洋洋阿玛施三八节倾情推出超值百搭套装（针织迷情篇）（质感女人篇）（运动时尚篇），还有满xxxx送澳州进口红酒一瓶.美丽
1,亲爱的，我是远大悦木之源美容向导边边，三月份空瓶回收活动开始啦，您可以拿任意品牌空瓶到店里换取体验组，另本月x至x号独家买赠活动，三级
1,诺保本保息，x年期保底年收益x.xx%！受降息影响，预计仅售半月，欲购从速！详询：xxxxxxxx常青十一金融便民店
1,高顺强专业生产xx刀抹墙网x一xx公斤，长度可定做，规格多价钱底。欢迎来电定货。祝您生意兴隆。
1,海宁市帝格贸易有限公司真诚感谢您的来电，本公司专业经营真皮服装、皮草等皮革服装制品。质量保证，价格从优。欢迎您届时选购！
1,开增值税专用发票，可以抵扣的。 收件人：覃洋 收件电话：xxxxxxxxxxx
1,李梅家教温馨提示：春季班正在火热报名中，欢迎带着宝贝前来咨询报名！
1,Duang!央行再次降息，把握购房良机！御景国际全新【花涧集】xx座xxx-xxx方南北对流精装洋房火热登记，下筹享惊喜优惠xxxxxxxx
1,你好，半岛xx平两居，满五年唯一，无税，业主急售xxx万，付款方式好价钱还能谈，新纪xx平两居xxx万，无税，链家地产付志丹xxxxxxxxxxx
1,即日起冬装季 末清 仓，全场x.x折，欢迎致店选 购（不含特价商品及配件）---福清沃尔玛费格詹姆专柜
1,先生（女士）你好，先祝你新年新气象，金峰鼎建材总汇x月xx日盛大开业，配合“x.xx”，开展低价超值促销活动:客厅欧式吊灯xxx元/套
1,尊敬的联通用户：您好！现预存宽带包年费，送xxxx积分，免费提网速x-x兆。另加一百元，免费看电视.客户经理姜丽：xxxxxxxxxx
1,面积大 x.单价x.x万起低总价投资。 下周末开盘，感兴趣请联系，xxxxxxxxxxx小张，祝生活愉快！
1,我是东昌jeep小杨！明后天我们做活动！当天订车不但价格优惠！还有礼品！联系电话xxxxxxxxxxx
1,友信pos机贷：营业执照一年、pos使用一年、pos机是公司名下、资料很简单，利息x.xx%和x%的服务费，额度x-xx万
1,圣宫哥弟迎“三八”女神节，重磅推出特惠套装系列，单件折后xxxx元、xxxx元经典外套，xxx元、xxx元时尚长裙与散裙，xxx元各款
1,推出贴威固Vxx顶级前挡赠送常规车身活动，此活动明额有限，赶紧预定吧！到店可了解更多活动内容。 咨询电话：xxxxxxxx 活动地址：
1,你好，我是东大街太平鸟女装店的导购  宇凡，提前预祝您三八妇女节快乐，本次我们有大型的活动，全场春款x.x折，针对会员折上折，
1,好家乡青年店三八妇女节达谢新老客户的支持与厚爱，于xxxx年三月六日，七日，八日推出飞鹤奶粉系列买二赠一活动，欢迎光临。
1,红舞鞋春季班招生啦!明天起开始报名，x月x日起正式上课！上学期两期连报的学员直接来上课即可！本学期学费：xxx元（xx次课）感谢您的支持！
1,女士您好！我是刚刚给您打过电话的小林。本公司 专业办理银行业务，高效率，低利息！放款时间快、渠道过硬、 与上海各大银行都有合作，会根据
1,免费咨询xxxxxxxxxxx最新版机麻控制器，不安装，起手拿好牌，可现场试用，满意再买。`
1,谁卖掉个人佣金x万！！！唐朝大酒店卖方买进xx万，现原价出售，营业税卖方承担。嘉定区宝安公路xxxx号xxxx室，xx平方米大标间投资
1,顺祝商祺厂家直销架管xxxx，扣件，工字钢，槽钢，顶托。可刷信用卡，量大从优，有需要联系我。
1,祝您元宵快乐羊年大吉!张垣艺考生文化集训学校专一为艺考生量身定制
1,尊敬的VIP顾客您好！中商广场三楼容子木专柜即日起至x月x日，xxxx年秋冬款x折优惠，xxxx年春款全场x.x折，欢迎惠顾，谢谢！
1,你好！我是君思港湾王鑫！以后专门负责您的订餐服务！订餐直接给我打电话就可以了！打折赠送果盘等优惠！
1,为感谢新老顾客，劳动路哥弟店特在x月x号期间，推出到店有礼！另有时尚新款，还有从广州过来的专业的搭配老师驻店，为您打造美丽，活动时间:x月x日-x月xx日！赶快来哦！—等待你的到来！^_^
1,你好，伊利金领冠和珍护系列x.x.x段的现在x折的基础上在买满xxx元立减xx元，x段可以参加xxx元立减xx元的活动，伊利金装x.x.x段全部x折，时间xx.xx-x.xx号，北京华联凯德店，联系电话xxxxxxxxxxx韩庆玲
1,您好！我是您的理财经理，上饶银行周玲玲，小周给您推荐本期理财产品：预期年利率为x·x%，期限xx天，非保本收益型（本金有保障，利率有浮
1,感谢您致电湛江汇力钢材有限公司。我司主要经营各种板材、型材、管材、专业代理广钢穗生牌钢管，广州珠江牌钢管，广州荣钢牌钢管，我们热情恭候
1,尊敬的客户: 您们好！新年好！ 欧曼帝家纺 香港·美布美家家居布艺有限公司，旗下另一高端品牌“皇家御绣”于xxxx年x月x日深圳会展中心x号馆xBxxx展位。 欢迎广大新老客户前来选购！！！ 特此通知:绍兴柯桥天汇B区xxxx欧曼帝家纺已搬迁至天汇x楼B区xxxx-xxxx号。 在此，欧曼帝家纺+香港·美布美家全体员工恭祝大家新年快乐，万事如意，财源滚滚，羊年大吉！！！！
1,先生您好！不好意思打扰您！我是刚刚与您电话联系的专业办理信贷的小唐，这是我的联系方式，欢迎您来电咨询
1,好消息！飞跃文化教育培训学校数学、物理、化学、英语免费试听课开课啦！开课时间即日起一x月x日下午x：xx一x：xx     x：xx一
1,你好：我公司有全国（各） （种） （发） （票）可开。需要联系;xxx.xxxx.xxxx. 陈生&
1,教育高等学府，国家中高考命题专家参与共同打造一流师资团队，把握各科重难点，培优补弱，成绩快速提升，签约保障。华师xxxxxxxx【华实教育】
1,南宁腾翼致力于计算机、建筑八大员等相关岗位技能培训，并开设函授大专、本科、研究生班学历教育。欢迎来人来电详询！祝您生活愉快！
1,新年好！我是创盈小卢，涵合园二期中心位置xx楼，非常安静，xx平精装xx万非常不错，xxx万，（最近可以看房，成交可能性非常大）有时间
1,…现在入会只需xxx元即可，名额有限，专家热线、xxxxxxxx……xxxxxxxxxxx杨老师地址是徐汇区斜土路xxxx号嘉汇广场t
1,妇保院旁的震元堂药店x月x日至x月x日特推出买一箱奶粉加送大号洗衣液，买二箱加送x升的金龙鱼油，数量不多，欲购从速
1,年过完了，该挣钱了，澄城宜信普惠上班了，信用借款，无需抵押，最快当天到账，最高达十万元，全程透明，需要借款请联系我xxxxxxxxxxx
1,亲：                                              新年好！新年新起点
1,迎三八女人节。铂奈尔内衣以旧换新活动火爆进行中旧款可低xx元现金使用，不限品牌。欢迎试穿！并有精美礼品一份。
1,您好:北国中华北店三元奶粉这个月x号至x号全场x.x折，另有礼品赠送，欢迎前来！
1,好莱客衣柜x.xx活动已启动， 公司庆祝A 股主板上市，总公司大放价特价推出优惠套餐xxx/平方，全场x.x折起。更多优惠请进店咨询x
1,【例外】三·八节［走吧，生活］ 參與方式： x. 凡進店顧客一次性消費滿xxxx元，可贈指定配飾品一件； x.  一次性消費滿xxxx
1,"转自:(xxxxx) 中国移动""和家""宽带重磅来袭！促销期内每月仅需xx元，享xxx元九大福利：x、xxM光纤宽带无限时；x、免有线电"
1,增致牛仔店面升级全场清仓一律x----x.x折，欢迎新老顾客光临选购！（响水滨江东路增致牛仔）
1,建设街老哥弟庆元宵、迎“三八”女神节，重磅推出特惠套装系列，单件折后xxxx元、xxxx元经典外套，xxx元、xxx元时尚长裙与散裙，
1,尊敬的家长:新年好，北大教育现已火热招生，本辅导班开设中小学各科辅导，晚作业辅导，周末托管班等课程，欢迎咨询！电话:xxxxxxx，
1,山东省武城县盛远沥青加温设备厂，主营产品:沥青加温罐xx-xxxx吨，乳化沥青设备，彩色沥青设备，SBS改性沥青设备，车载式沥青洒布设备，彩色沥青全国配送等业务。网址:www.wcshengyuan.com。厂长:王胜林，手机:xxxxxxxxxxx。中介费:根据设备大小规格而定，最低xxxx元。您只需要给我们提供用户电话，剩下的事情有我们来完成。
1,三期火热销售中，均价xxxx/平米，户户有赠送，买一居得两居，买两居得三居，再送地下储藏室！要买就买离北京及地铁站最近的，这样才住的舒
1,≮有≯≠≮抵≯  ≮増≯≠≮扣≯  ≮値≯≠≮Ix%≯  xxx xxxx xxxx李．
1,尊敬的会员，您好，x.xx黑色星期伍恐怖低价惊现中山三乡国美门店，xxG苹果x跌破xxxx元，全品类大放价，正品保障全网比价，询xxx
1,天津业之峰装饰“无环保、不装修”，xxxx年新年大放利。我们承诺x月份全年折扣最大，若后期出现低价，则差额双倍补！x月份定装修仅需交纳
1,xxxx过了年，你们还记得宜信李道明吗？提供【融】 【资】服务，今天正式上班了，要办理业务可以过来了。
1,哥您好，我是刚刚给您打电话的北京鸿诚祥兆投资担保公司 的小刘 我们公司主要负责的业务是银行贷款、房屋抵押贷款，短期拆借、经营性贷款，车
1,温韾提示:烧客海鲜吧今天正式开市啦，为答谢您长期以来对本餐厅的支持与厚爱，现推出系列优惠活动(凡消费满xxx即送现金券一张，以此类推，
1,您好，欧美厨房水槽巨头企业，招募市场/BD/销售
1,农行卡xxxxxxxxxxxxxxxxxxx户名陈干兴
1,萧氏新茶上市啦！又是一年春茶香，我们为您精心制作了鲜嫩的早春茶，滋味鲜爽，香气浓郁，只为您能品尝到清馨春茶香！东湖店小张祝您元宵节快乐！
1,哥！你好！我是刚才给你打电话的新区淮海街《亲和国际》小龙有活动可以到这边来体验下！小妹放的开玩的好！全场酒水没有最低消费！
1,王琴，农行，xxxxx     xxxx    xxxxx    xxxxx
1,云梦中百仓储三楼伊利金领冠奶粉做x.x折优惠，活动到x月xx号结束，
1,立邦漆：天天发红包，户户送大礼！抗甲醛净味五合一x升：原价xxxx（套）现价xxx（套）再送价值xx元辅料大礼包。净味xxx硅藻全效x升：原价xxxx（套）现价xxxx（套）再送价值xx元辅料大礼包。超值优惠，敬请光顾。居家宜店：许丽萍xxxxxxxxxxx
1,富华快餐提示您x月x号正式营业，祝新老客户新年快乐！另推出优惠服务：往后凡当天上午x：xx分之前订餐均优惠x元，让您享受送到身边实实在在的美食。订餐电话xxxxxxx
1,大自然木地板xx周年最强健康品质巅峰对决，现可预约，凭预售卡可以优先选择、定单即送价值xxx元三件套不粘锅一套，名额有限，如需要的话请致电（xxxxxxxxxxx大自然地板陈仲云）请勿错过。霞山乐华大自然地板恭候您的到来
1,您好，我是之前给您打过电话的北京捷越曲靖分公司的小徐，请问您现在还有资金需要吗？如有资金需要请和我联系xxxxxxxxxxx，请惠
1,大哥，美女，新年好!告诉您一个好消息，我们西南商贸城x月x日，x日家居建材电器品牌博览会，您们装修有需要什么一定过来看看，全年保价，买
1,听道德经、拓新思路、交新朋友、辟新人脉。周六上午十点半，下午两点贵金属、原油讲座。来访嘉宾曾礼品。电话xxxxxxxxxxx
1,迎 三 八孤山子丑小鸭化妆品，买二百送二百，尾数x.x的xxx元。低二百。并抽大奖，百分之百有奖。欢迎新老顾客积极参与。
1,duang~上海xx号线地铁口，首付x万买两房，首付x万买三房。xx-xxx平。欢迎来电咨询xxxxxxxxxxx  罗琦
1,仅需xxx元、xxx元，各送xxx元手机话费，地址大学城丹霞路xxx号（佳人缘商务宾馆楼下中国移动营业厅）咨询电话：xxxxxxxx.
1,尊敬的贵宾，婴爱妈咪品牌推广会即将震撼开幕。超值钜惠倾情巨献！五大豪礼入场即享！x月x日与您相约【台江君临天华C区负一楼】届时恭候您莅临！
1,xx:有落月起肖，十九倒倒倒，爱钱买胖猪，猜无找消防，红灯双开笑。正版彩图挂牌∶xx，火烧∶猪，四字，以夜继日。六肖∶鸡龙羊马狗猴。
1,新生活美容养生会所为迎接x月x日这个女人自己的节日，特推出优享美丽活动，只要xxx元即可享受：水润面护?背部芳香推油排毒?养生穴位艾灸
1,锦艺美术社小王祝您元宵节愉快！春季班报名已开始，团购预约更优惠。画室地址：东兴小区内x栋x单元xxx室，电话：xxxx-xxxxxxx
1,南山茂业x楼OZZO（欧尼尔）“三八节”为答谢新老顾客的支持，x.x日-x.xx日新品春装部分x换x.x倍，秋冬装x换x倍，仅此几天哦
1,星光珠宝年后最低风暴来袭！黄金仅xxx元/克，钟表低至x折！彩金、钻石限时x折钜惠。仅限员工亲友才能抢购，我只有x个名额，预购从速！时
1,浠水中百仓储“圣元优博”奶粉x.x折，活动时间：x月x号～x月x号，欢迎顾客朋友们前来选购。
1,周氏校油泵祝，元宵节快乐，羊年发大财！专修电喷，油泵，油嘴，电路，技术领先，原厂配件，价格公道。地址，鸦岗大道集邦物流园大门口。电话x
1,"三月""女人关爱卡""限时购！此卡集意外+女人疾病+住院津贴于一身！每天约x元钱，给自己:xx万元天使般的贴心呵护！先到先得！(平安人寿郭光雄)"
1,武川县可镇步行街C段xx号（地税局北xxx米路西）门脸房欲出售，配套完善，手续齐全，二楼精装修，xx平米，价格面议。有意者请与我电联：
1,住酒店，享优惠！得积分，换好礼！宜昌万豪快捷酒店会员火热招募中。地址：东山大道xxx号，联系电话xxxx-xxxxxxx。
1,亲爱的姐姐您好：我是八佰伴x楼KAKO的小陆，我们这次女人节大酬宾：新品全场x.x折，部分货品x折优惠哦，活动时间从x号到xx号，货品
1,个旧百货大楼斜对面ELLE服装店（原老伊品店）自开店以来最大的一次优惠活动，平常折扣购x件(不限金额)加xxx可换购xxxx块的商品，
1,丰田服务；马栏区域独家专修店∶各项维修保养∶价格优惠-地址沙区交警队道对面加油站旁∶电话;xxxxxxxxxxx-xxxxxxxx
1,x合，知一知二中两个。猜特码，金鸡瑞大送宝来，四四相合八也发，东南西北看一遍，一十二五春光现。另版挂牌，婊子钟情。四肖，鸡猴兔虎。
1,本厂专业生产不锈钢链条日标.德标.韩标（手拉链、起重链、葫芦链条、甩链、圆环、冲压件）各种材质。本厂采用自动氩弧焊和闪光焊，直径x.x
1,x.x节 洁蔓秀莎魅力相约活动开始啦 ！有礼“送”女人 第一份“礼”：x元购礼物卡         一张， 即送：价值xxx元的面部护理一次， 加x元，送：背部推拿一次，再加x元，送：头部刮痧一次； 第二份“礼”  节日当天，店内所有： 理疗项目， 养生项目， 养生内衣， 套装产品 全享受x.x折优惠，仅限当天哦，现在开始抢购吧！！倒计时开始啦！ 机不可失哦，快快行动吧！[奋斗][鼓掌][鼓掌][鼓掌]洁蔓秀莎提前祝您x.x妇女节快乐！         抢购热线：xxx-xxxxxxxx；xxxxxxxxxxx
1,独门独院，邻里有爱【世茂龙湾】xx万起重回院落时代，xx平变xxx平坡地独院艺墅，还送花园露台地下室！更享沙滩嘉年华地铁xxxxxxxxxx
1,精锐教育全面升级创新，现推出一对三精品小班，专业的一对一师资团队倾心打造快乐高效的精品小班。招生已经开始，各年级段名额有限，价格只有一
1,x月x一xx日植物医生迎来x月份的双节:女神节和周年庆活动！满额立减现金一次！优惠多多，礼品多多更多好礼等你来拿！另外还有双倍积分哦！
1,【襄州区邮政局】羊年未到，祝福先行。襄州区邮政局全体员工给您拜年了！祝愿您：身体健康  阖家欢乐！同时我行存款送礼活动继续火热进行，万
1,我司代办各户·口本、毕.业本，身*份正，驾！行#驶正等一切有效正&件，联系：⒈⒊⒌⒌⒌⒏⒐⒎x⒊⒏李师货到给钱e
1,奇拍文化传播有限公司-神奇的拍摄。主营商业摄影 纪录片拍摄 宴会摄影摄像 企业宣传片 微电影 视频广告 淘宝拍摄 平面包装 画册设计
1,欢迎致电希尔曼卫浴
1,正月十五《悦～圆今宵》盛世中国悦秀夜，快乐郑州夜悦秀，正月十五闹元宵。 x：凡是xx点xx分前进场购买百威一打送半打，买二打送x打，克洛巴香槟买二送一，买三送二，x：x点xx分以后进场购买百威x打送半打，克洛巴香槟买三送一。尊贵热线:
1,三月女人天，亮丽女人节。 洛依邻女装全场一件x.x折，二件x折，三件三件以上x.x折《冬装x折》凡在本店购买满xxx元送代金卷x
1,三月女人天，靓丽妇女节！真情礼：一次购本店同款产品x瓶赠送同款产品x瓶。一次购本店不同款产品x瓶赠送抑螨沐浴一瓶。关怀礼：仅需xx元可
1,为感谢各位的关心与厚爱，在“三八”妇女节之际，凡是前xx名妇女到三峡银行武隆支行办理业务和开卡的，赠送红玫瑰一支和巧克力一份。欢迎各位光临！
1,xx-xxxxx精装修，全现房马上可入住，电话预约享受x.x万抵xx万团购活动。  开发商售楼部主任：廖明 电话：xxxxxxxxxx
1,各位学员好!我是原卡尔迅的吴教练现换驾校了.我驾校有文科可做单.xxxx元一科.科目二自已考.路考包过.三个月内拿证.联系电话.xxx
1,亲爱的会员过年好！温碧泉化妆品系列三八妇女节送好礼，购满xxx元送xx，满xxx送xx
1,你好，我是阿众饭店，有智能车出租，每小时xxx元，回扣xx元
1,商业模式探讨、跨界共赢、融资贷款、办理百万信用卡、黑名单漂白、信用卡提额  活动时间： xxxx年x月x～x号 x:xx准时签到，切勿
1,开放一、二期车位不限量购买政策，同时配合二期车位的按揭付款政策，让您轻松给爱车找个家。欲知详情请联系我，联系电话：xxxxxxxxxx
1,三月女人季-倾听女人心，x月x日-x月x日JJxT春装每xx送xx，满额送xxx大洋购物卡，x日当天满额再加送牛太郎自助餐券，加价送面
1,招聘    现我公司招聘会计x名(有经验者优先)，联系电话：xxxxxxxxxxx   ，李先生
1,我是叶慧琴，最近火热的驾校报名，团购更便宜，我在做代理，现在报名能立即上车学。报名费只收xxxx！自己选择教练！证书加x.x学分的，有
1,瑞安市丽晶商务宾馆欢迎您的来电！瑞安市丽晶商务宾馆推出xx特价房.本地搜链接xxxxxxxxxxxx.locoso.org
1,【学海教.育】个性 化教.育第一品牌，一线教师根据学生学习情况，制订适合的教学方案，查漏补缺。电话：xxxxxxx xxxxxxx
1,家具有限公司西安分公司，已正式上班，欢迎您到曲江中海铂宫xxxa栋样板间参观！
1,这个三月，你有权任性洒脱，打造专属于你的ochirly女王范！x月x日－x月x日期间，欢迎相邀闺蜜莅临ochirly上海江桥万达店铺体
1,美国花生漫画官方授权品牌史努比婴儿洗护去年电子商务仅x个月突破xxxx万，今年用互联网思维模式经营线下母婴渠道，现在诚招各省市代理商，有兴趣及时联系 龙先生xxxxxxxxxxx
1,欢迎致电中山市小榄镇东利菲林制版服务部，我们以良好的信誉，优质的服务，为您提供高质量的产品，欢迎来电洽谈，电话xxxxxxxx。
1,您好，我是大润发IRA男装的，现有新款到店，全场春款x折，您是我们店会员，可以享受折上折x折，期待您的光临，最后祝您元宵节快乐
1,昆山圣美小时工开招，吃住在厂三餐免费，年龄：xx-xx，单价xx元/每小时，保底xxx小时xxxx元，圣美扣商业保险xx元，报销单程路费。
1,尊敬的会员：温馨女人节，美丽特惠。东阿阿胶倾情回馈：桃花姬积份+现金超值兑换进行中。详询xxxxxxxxxxxx【东阿阿胶】
1,感谢致电康宁数码产品经营部，本经营部主营各类中高档照相机，欢迎新老客户前来选购 ，我们将以最优质的产品、最优惠的价格，热诚欢迎您的光临。
1,上海亿本试验机有限公司，主营平衡机系列产品，上海市嘉定区嘉行公路xxxx号，林长飞:xxxxxxxxxxx，传真：xxx-xxxxxx
1,【玖富】无抵押贷款，利息最低x厘您有稳定的工作，或者有房子或车按揭可以申请贷款。请保留以备需要打扰请谅解：小余xxxxxxxxxxx
1,方洲装饰（xxx/平）包工包料全房装修，新年团购活动…特推出《工程款xx折》等优惠，芙蓉嘉苑在建工地x栋xxxx欢迎您前去参观！
1,→ 金  {★}  沙 ：xxxxxx·ＣＯＭ
1,卢敏农业银行卡号xxxxxxxxxxxxxxxxxxx
1,合百二楼哥弟专厅迎接“x.x女人节”，年后的第一波，xxx多款春款大量上市，这是女人的专属日，哥弟推出魔术瘦身衣，迷你外罩，超值回馈款
1,尊敬的顾客您好:我是凯翼汽车的刘国英，为满足顾客的需求，今已到新车数辆，望来店试驾、观赏、订购，期盼您的光临！
1,领秀城清盘特惠xxxx元/平方，更有首付xx%买房，两房首付约xxxxx元，三房约xxxxx元，即买即住。多套样板间现已开放。王雯
1,尊敬的会员；一年一度的魅力女王节，即将来临，在x月x号这美好的日子，美伊尔与您一起度过，祝您节日快乐！凡当天到店服务或消费即可获赠手霜
1,用别墅施工工艺标准，［高贵不贵］现全市各区域正在征集标准环保装修施工样板房，名额有限，并且是设计总监亲自免费设计x套设计方案 望能得到
1,『智慧整装·生活派』（xxx元/平米·就能拎包入住）【喜居安装饰】诚邀刘姐参加x月x号河西金麓国际大酒店三楼关于的户型解析和新品发布会
1,三八妇女节，你是女人你最大，感恩优惠只送你:礼包x.魅赫蕾妮所有单品，x瓶x.x折，x瓶x折，x瓶x.x折。礼包x.防晒组合:原价
1,欢迎致电 汕头市金秋旅行社有限公司 本公司主营国内外旅游 景点门票 订房 包车 团体旅游组织策划 热线xxxxxxxxxxx小周
1,xxx期：码王世家私家珍藏x肖必中特:【兔虎鸡鼠蛇】
1,美丽，蒸出男人的健康。活动是从x月x日起至xx日截止，活动期间，优惠多多，买卡xxx元xx次送一次价值xxx元美容和身体养生(女士)买
1,皇庭酒店总经理何建新，销售经理王建芳，携手共祝您羊年财运享通，生意兴隆，皇庭酒店以良好的信誉为您提供住宿环境，全力打造商端精品酒店，期待您的光临，与您共创双赢，我们首推三月特惠活动，内设kTV，沐足，精品客房，麻将套房等，虎门地区提供免费接送服务，订房热线xxxx-xxxxxxx---xxxx-xxxxxxxx手机xxxxxxxxxxx
1,满天星浓情x月，宠爱女人节，新老顾客到店仅需xx元就可享受店内任意项目一次。特注x月x日当天到店均可免费享受胸部疏通一次。
1,【唯帅裤城】会员您好：巨鹿唯帅裤业季末清仓xx元-xx元！数量有限，莫失良机！地址：巨鹿宾馆楼下，欢迎您的到来
1,紧急通知：中牟爱情海婚纱开年矩惠，优惠根本停不下来，活动开始前一天定婚纱x单，写真xx单！总部特批感恩抢定卡，一旦抢完，立即恢复原价，请在活动期内来店哦！过期不候！减现金，送大礼[坏笑][坏笑][坏笑][坏笑]，婚纱照xxx抵xxxx送xxxx  送婚纱送家电  拍一套送一套    海南x天x夜双人游    相册 放大随便选  服装随便穿  让您的婚照成为银行存款（影楼界首发） ....................
1,汇市场、精品广场、步行只需x分钟左右。价格优惠，收货合理。老托运部。顺宏托运部。原港越路xx号收货点已脱离老托运部。下货点翠云街xx号
1,老板新年好！我是东莞市丰和电气批发部，本部批发国内外各种开关。厂家直销恩泽品牌富士按钮，YOxx和LAxx
1,羊羊得翼年欢惠，新春天翼有好礼。新老用户升级xG即送xxG大流量，预存话费乐享套餐打x折，更有上百款xG智能手机特价优惠低至xxx元。
1,可以帮您解决您的资金需求，x万起步，x-xx个月您随意选择，可提前还款无任何违约金，也可长期使用按月计息！公司地址：银川市金凤区万达广
1,世迯洮榞 xxxxxxx.℃○M 佰*嘉*泺，龍&唬&斗，牛￥牛，体育等！諟款赽，咖叺VIP倶濼蔀澮员享受x汏特權沋惠等著您！
1,【天恒装饰】羊年家装盛典！来店领红包，下定送豪礼！x月x至x号征集xx套成本样板房！更有定金翻倍费用打折！大成路xx-xx号（老夜宵城对面）
1,我行将于x月x日开始募集保本收益理财多款产品：期限为xx天至xxx天，预期最高收益为x.xx%-x.x%，x万元起购，收益比其他行较高
1,手拉手服饰广场门面即将到期，全场亏本大洗货！ 棉衣全场x—xx折！春秋装全场x—x.x折！童装全场x—x折！花明南路 步行街口，祝您新年快乐
1,普惠金融  “宜信.宜人贷”  信用贷款……全力助您发展。x.信用借款无需抵押担保，无任何前期费用！x.利率最低x厘xx～x分xx
1,亲爱的顾客朋友您好，八佰伴x.x促销活动开始了，小安踏厅房春款一件x.x折二件x.x，x~x日关注八佰伴官方微信摇红包x~xxx元不等
1,亲爱同学们，春季招生正在进行中，如果你身边有想学美容美发化妆美甲纹绣，不用错过挣钱的机会哦，有想学的请联系宗老师、联系电话：xxxxx
1,元宵节快乐 历史由我们来创造最低利息！专业车贷 不押车先息后本x.x分，等额x.x分！按揭车全款车都一样的利息！罗成:xxxxxxxxxxx
1,君诚装饰小牛祝您全家幸福，生活愉快！ x.xx特惠风暴已全面启动！除价格优惠之外意向还有豪礼相送！半山家园的户型效果图及预算已经做好，
1,喜讯！喜讯！碧波庭慈善公益活动，关爱女性胸部健康，扫除乳盲。凡是x月x日到店的新老顾客可免费赠送价值xxx元的HxxD胸部深层疏通x次
1,建设银行：xxxx-xxxx-xxxx-xxxx贾云伟
1,x月xx日搜房网文昌看房团来袭，滨海航天城大盘荣昱月亮湾强势加入，当天将推出搜房网独家折扣！询:xxxxxxxxxx转xxx【搜房网】
1,xxxxxxxxxxxxxxxxxxx、农行、陈丽花
1,张智旺书法教学中心开始招生啦！ 报名时间：x月x日，x日;学习时间：x月xx日起陆续开学;学费不变。欢迎新老学员继续参加学习！
1,亲爱的姐姐您好，我是昆明万达达衣岩的李竹琴，从x月x日到x月x日，全场新款x折，并且x月x日－x日是三倍积分，期待您的光临，祝您生活愉快！
1,本公司新推出一款抵押贷款，绕城内最高可贷x成xx年，绕城外x成xx年，利率上浮x%，贷款未还完房也可，费用贷款金额x.x%。二手房按揭
1,又广电、工商局、市协组办的xxxx益阳首届家居建材博览会x.xx盛大开幕，大牌云集、权威认证，欢迎您前来参加。地址:益阳广播电视台
1,抢房了！一瓶x号楼惊现xxx平三居【南北向】婚房妆，中间楼层，老客户换房急售，仅此一套！机不可失！看房致电小高xxxxxxxxxxx
1,新年好！我是九成知识产权的小李。我司主营业务:商标注册、专利申请、著作权申请、公司注册、代理记账等等；QQxxxxxxxxx电话:xx
1,三月女人节！帝梦诗，衣馨春夏款文胸优雅上市！帝梦诗文胸满xxx元立减xx元，满xxx立减xx元……多买多送！衣馨调整修护文胸x月x日限
1,台北莎罗搞活动老顾客推荐:送老顾客电饼铛/Hollekitty拉杆箱（x选x）+华润万家xxx元购物卡+羊年金条 新顾客送:龙凤碗一套
1,华润邀您参加周日下午x点三八节活动：免费拍艺术照，美妆造型，男模走秀，家电x元起拍，签到抽奖！地址：熙悦广场新售楼部（动物园地铁口）
1,苏州中域教育:中域教育温馨提醒：春季学历提升（高升专，专升本），最后一批报名时间将于x月x号截止，有需要的学员请抓紧时间联系我们。错过
1,联系QQxxxxxxxxxx！印章，牌照，建筑八大员，一二级建造师，营业执照，建筑，商业，广告漂，找xxxxxxxxxxx小王ù
1,您好！我是昨天系您的尚家艺装饰公司小邹，现在我公司隆重推出x.xx九周年庆，万元豪礼相送，xxx超值优惠套餐价【先装修后付款x首付，水
1,亲爱的会员您好:惠友钻石百思图x.x活动已全面启动，全场特价xxx远起，冬靴低至x折起，新款单鞋xxx起，全场折后可再折上x.x折，限三天
1,您好！四川.标筑裝饰公司邀您参加后现代城x.xx巨惠来袭，家具家电送回家活动。四川电视台上榜首席设计师免费设计，一线品牌成本价裝房，为
1,亲爱的会员节日快乐！薇姿“女人节”限时尊享活动开始啦！x月x日～x日期间 x购买任意产品满xxx元立减xx元，再享x.x折， x购美白
1,金牌厨柜新春钜惠！领军十六载感谢有你！周年半价、红包免单奖等您来！全胜建材十区：xxxxxxx
1,折，中药满xx元打x.x折。还有更多活动请到店里咨询。今天是元宵节，祝您及家人元宵节快乐！身体健康！          太极大药房通盈
1,【水岸新城】开春喜乐购，x.x-x.x日女王特惠专场，美人节闹元宵，活动纷呈礼不断！抄底一口价，限x套，优惠Maxx.x万/套，买即赠
1,你好   我是劳动路电信营业厅的，我们有一好消息要告知你，现在手机可以以旧换新，折扣购机了，如有意向的话请你在本月xx，xx号带上本人身份证到劳动路西湖公园西门电信营业厅办理。
1,【欧舒丹】尊敬的会员，x.x—x.x 合肥金鹰欧舒丹专柜将举办香氛商人活动x. 满xxxx减xxx（单票限用一次），满xxx减xxx
1,工商银行、xxx、xxx、xxx、xxxx、xxx、xxx、侯忠飞
1,亲爱的朋友们，大家新年好，三八妇女节即将来临，本店在x月x日搞活动，也就是明天，有礼品赠送，希望按时来参加，谢谢捧场，新开的理发店，秀丝发。
1,宁德移动xG手机春季大促翻滚来袭啦！x月x日—x日xx:xx邀您相约师院新校区移动品牌店（x号宿舍楼前），红米xS、华为荣耀xc等xG
1,【环球雅思】欢迎您.专业提供考试辅导
1,jE ueditg.com/?f=xxxxxxxxxxxxxx用户：你已被抽中特价苹果xs一台！只需xxx元
1,你好，我月星二楼史丹利王娟，月星联合中央CCTV大型活动xxx，x月xx号活动火爆进行中，提前x号之前预订优惠多多比如预存抵用多少，活
1,器/空气净化器的大型厂家直销!x折起售！活动地点：惠而浦（中国）南岗产业园、科学大道一工厂。一年仅此三天！如需购买，请尽快与我联系！
1,御峰轩装饰李继恒祝您新年快乐！公司地址长宁道与卫国路交叉口景泰翰林路西站牌后，x月x下午一点半在人民购物西门爱时特酒店九层，有家装知识讲座，到时凭借此信息登记有精美礼品一份！电话xxxxxxxxxxx
1,开年钜惠x ?xx！x月x—xx日郑州红星美凯龙美家博览会即将开启！奥迪豪车任性抽！百万现金疯狂抓！精美礼品进店等你拿！【德国朗饰窗帘壁纸五楼Fxxxx】xxxxxxxxxxx任富林
1,您好！我是宜春信和汇金公司的陈经理。我司主要为客户提供无抵押无担保的信用贷款，个人最高放款xx万，利率x.xx%.周期半年至三年随您选
1,金牛出门迎才神，猴蛇共午看今期，荣华富贵今中事，本期开出如意码，排行第十有机寻。(送:欲钱看木水行中)配:一定开红花
1,送xxx，斑马木满xxxx送xxxx更多优惠。详情请来店咨询！地址：从化市从城大道xx美时家居广场A区xxx-xxx  电话xxxxx
1,新年开门红！自即日起至x月xx日，预付货款x万元返xxx元，x万返xxxx元，以此类推，x万封顶！欢迎订购！ 一一统博水箱
1,长治赫尔辛到邹平铁雄xxx元，介休到莱芜xxx元 灵石段纯到莱芜xxx元，灵石县城到莱芜xxx元  殷冠振发，xxxxxxxxxxx
1,本店从三月六号开始：购买飞碟内胎所有型号十送一：购买xxx-xx麒麟真空胎十送一：购买六株LED灯十送一。有需要请联系：xxxxxxx
1,感谢您的来电咨询，本公司专业办理银联pos刷卡机，移动pos机，固定pos机，费率x.xx～xx封顶，终身免费售后服务，我们将竭诚为您服务。
1,亲爱的会员您好:犀浦百伦百货优惠来袭啦!泊莱雅专柜xxx省xx优惠
1,老板，您好，最近新到各类品种新款瓷砖，xx抛釉xx元，xx元，xx元，xx元；xx厚微晶xx元，xx元；xx抛釉xx元，xx玻化仿古等
1,亲爱的姐！x月x号女王节到了，赶快为您的春季盛装做准备吧！x月x号至x月x号汉中门金鹰一楼娜尔思全场x件x折、x件x.x折，新春上柜，
1,新年好，我是做pxled屏租赁的，同行价xxx一平方，效果不好不收一分钱，手机xxxxxxxxxxx，号码留着吧，有空忙不过来分点做做
1,公园家房产急售，尽量推荐，客户只要净的拿到xx万就可以，多出的你们去赚。半个月前客户还咬牢净价xx万不放，现紧急出手。
1,七色花文化艺术中心新学期报名开始啦，明天开始报名，本周六，周日正式行课报名科目：舞蹈（拉丁舞， 中国舞），跆拳道，美术（儿童画，素描，
1,x.x节重磅来袭，优惠不断，惊喜不断！四季丽人买套卡系列送眼部瑜伽，送悬灸，送面部刮痧…等等，全场单品买二送一…名额有限！更多优惠活动
1,铜陵一品装饰公司xx周年庆典，因你而精彩！xxx免单计划，史上最高力度回馈消费者， 每天前十名来公司咨询的客户，免费赠送价值xxx元礼
1,喜迎国际三八妇女节！凡三八节当天在红棉纺消费的会员均可参加xxx当xxx用哦！还有在x月x日-x月xx日期间凡进店转发微信到朋友圈即可
1,为了迎接x.xx消费者权益日的到来，德惠兴隆驾校从既日起报名送xxx元购物卡一张，数量有限，另外我校办理一切上岗证，报名电话xxxxx
1,您好！一年一度的三八节要到啦！流行春款x.x折，折后满xxx送xx的女神券和xx元的餐饮券！欢迎光临步步高广场一楼快乐玛丽专柜
1,礼遇，遇见时光里最美的自己。届时可获得品牌特定礼品，店铺地址：黄浦区南京东路xxx号永安百货二楼娜尔出专柜，店铺电话：xxxxxxxx
1,恭喜各位客户开张大吉！欢迎各新老客户前来订购鲜肉！双汇鲜肉价目表今天已下：瘦肉xx元，五花肉xx元，精五花xx元
1,折、秋冬款全场x.x折特惠活动。活动仅此一次，朵以全体员工热忱欢迎您的光临！祝您羊年吉祥，节日快乐！
1,羊年福气到！无房，凭保/单即可代xx-xxxW，当天申请当天拿钱回家。xxxxxxxxxxx【易经理】
1,关于xx双外开窗纱一体产品介绍说明   短息 艾斯兰德新产品推介！！！这是一款市场独一无二的窗：窗纱一体，窗纱一体平开窗，窗纱一体双外开窗却只是普通断桥窗的价格！实现了一个把手控制两个窗扇：旋转把手，双扇分离：外扇通风，内扇防盗，是一款针对中档客户、走量的所研发的产品，x--x天出货，结合奇特的推广模式为您迅速占领市场保驾护航！x.xx广州门窗幕墙展，我们去，您来吗！详情欢迎来电咨询。（视频地址）
1,您好，给您推荐一个海淀重点学区房，我们针对元宵节活动，推出x套特价房，折扣优惠高达xxx万，单价x.x万起，并且含x.x万精装修，除去
1,您好:御花园之上xx--xxx方，初五后启动火爆（转筹）认筹（存x万抵x万）招商信用卡积分买房，百年央企-杭州首开代表作！（x月份首开
1,有班级为全日制儿童之家，每班仅限xx名，精品全能宝贝，数理，奥尔夫，艺术创想等亲子课程。更多更丰富尽在新爱婴。 欢迎您来电预约名额 名
1,您好，广州速源制冷设备有限公司专业产销售冷藏车，冷库，公司地址广州番禺区石基镇茶东村xx号富怡路红绿灯侧联系人陈生xxxxxxxxxxx
1,c娱/乐会/所这么多，哪里有保.障？当然首选《太/阳/城》，您入多少回
1,亲，姐妹们节日快乐！我五零厂美颜美学馆厂家来我院做活动，凡进店里顾客都有精美礼品赠送。还有更多优惠等着你呦。祝美女们在新的一年里工作顺
1,中环品悦小区车位于x月x—xx日，正式接受认购登记，小区车位数量偏少，开盘当天，凭VIP登记表，先购先得，车位售完即止xxxxxxxx
1,中升捷豹路虎小苏告知各位亲爱的客户，我店于x月x，x号闭馆销售开展妇女节活动，定车价格销售经理直放，定车有礼，置换更有好礼相送。来活动
1,尊贵的客户您好！宜良公牛装饰开关陈明珠祝您开门红！全年红！公牛装饰开关开门红活动正式启动，优惠力度空前，单开仅x.x元（发发）！防水插
1,姐，女人节即将来到，我们为您准备了充满时尚气息的牛仔、弹力休闲西装与潮流衬衣，精彩呈现，xxxx春装正陆续到店！花市哥弟高晗期待姐的到来
1,珍儿美妆：幸福女人节，送送送…五重大礼等你拿：x.凡在活动期间进店女性都可免费抽奖一次（百分之百中奖率）【本店会员另有礼品赠送】x.化妆品买多少送多少x.可免费修眉、化妆x.美甲办卡xxx元x次   x.消费满xx元送x次面部护理【活动时间：x月x—x日】地址：归德路与八一路交叉口向东xxx米路北珍儿美妆美丽热线：xxxxxxxxxxx【本活动最终解释权归本店所有】
1,你好，很高兴通知你新一年xx女人节雅诗兰黛活动开始啦，凡在柜台满购xxxx即可获得护肤七件套，满xxxx送xx件套，商场满送活动同时参
1,亲爱的新年好！感谢您一直以来对我的信任和支持，有个特好的消息一定要告诉您，本月送vc了，购买幻时或幻时佳产品满xxxx送一只xxx的幻时水和一只vc精华，多买多送，满xxxx公司额外又送xxxx元，公司为了欢迎休停职的姐妹额外又送你一支三合一洗和一瓶保湿水一共价值xxx元的产品。 亲爱的一年就只有一次机会，因为你是我的老vlp可以享受这个待遇所以第一时间告诉你!  晚了估计促销就没这么多了，抓紧时间抢购了！需要我帮忙的赶紧联系我吧！爱你的雷霞
1,你好，莱西市中小企业代理中心，感谢你的来电，公司注册、代理记账、税务代理，欢迎来电咨询。电话接通中，请稍等…
1,广进！新年酬宾活动x月x号盛大开启！活动期间全场酒水一律买二赠一！届时恭迎大驾光临！！！[鼓掌][鼓掌][鼓掌]热线电话:xxxxxx
1,给您拜个晚年，预祝您元宵佳节快乐！我们公司主营：网站建设，网络营销推广和微信公众平台开发。如有需要可随时联系！QQ：xxxxxxxxx
1,深圳捷龙物流专业承接深圳至全国各地物流
1,你好！我们这边是华美新城。提前祝你元宵节快乐。小区“起步价xxxx元/㎡”温馨提示：元宵节后每平方涨xxx元。（可办理住房公积金） 之
1,阳光飞扬少儿英语春季新班火热招生中，每日到校前xx名咨询家长即可获千元现金外币红包一个，现场报读英语、奥数、作文、珠心算任意一科更可“
1,好消息，长阳电信与农行、中行、邮储银行在双节推出“存款送手机，xxM宽带免费送”活动，存款是你的，利息是你的，手机也是你的，详情请咨询
1,天街新剑奥英语：家长您好，欢迎孩子本周六(x月x号)下午x点来我校上少儿试听课，报名者均有礼物相送，老师等着您哟。谢谢您的配合与支持！联系电话：xxxxxxxxxxx，地址：清华苑天街南段路东。
1,工厂在潮南区司马镇，专业生产无缝男女装内裤，吊带衫等。住宿方便，环境优美，长期工或临时工均可，有意可联系xxxxxxxxxxx陈生，或
1,唐山宇航钢铁贸易：今日报价槽钢x#xxxx、x.x#xxxx、x-xx#xxxx、xx#xxxx，工字钢xx-xx#xxxx、xx-xx#xxxx、xx#xxxx，角钢x#xxxx、x#xxxx、x#xxxx、x.x#xxxx、x#xxxx、x#xxxx，非含税减xxx，价格可以商量，货到付款以及欠款都没问题，联系电话：xxxxxxxxxxx王文波
1,尊敬的家长您好：同慧教育春季招生开始啦！【各年级晚间作业辅导班、初高中各科一对一、一对五英才小班（限量招生）、初三特色考前辅导班】火热
1,元宵佳节已过，xxxx年的工作开始忙碌起来，各位老板，需要资 金 周 转，记得联系朱经理：xxxxxxxxxxx，信用贷款，车辆贷款等
1,欢迎致电大岭山车王会汽车维修服务公司.专业为您提供汽车维修保养
1,你好，这里是酷博精品教育学校。很荣幸和你分享本学期报名优惠活动：约上你的小伙伴一起来加入语数英的辅导，同时可享受两人团报，一人免费的优
1,今天正式上班了，需要钱的朋友可以随时联系！ 办理大重庆范围：银行信用贷款（按揭车、按揭房贷款月息低至x.xxx～x.xx分、装修贷款利
1,xxxx新学期，新突破！百易春季班x月x-x日报到，x月xx-xx日正式上课！开设课程：小学生英语系列、初中各年级英语数学同步提高班
1,xxx期：『火红之夜』五肖必中特:→羊蛇龙兔狗← xxx期：『火红之夜』三肖必中特:→羊蛇龙 xxx期：『火红之夜』二肖必中特:→羊蛇
1,您好，我是新世界百货太平女装，我们现在有三八节活动，全场春装xx折，您是尊贵的VIP卡，更可享折上折优惠，春款样式多多，希望您在百忙之
1,“德国新风尚
1,尊敬的金利来、梦特娇新老顾客（x月x号＿x月x号金利来、梦特娇全场x折，指定款再折上x折，女款再享受折上x折）欢迎光临中闽百汇二楼金利
1,恒福陶瓷诚邀您参加x月x-x日建厂xx周年庆开仓直销活动！地址：源城区高塘村xxx国道旁。 ~
1,元宵节快乐！老客户您好！我是办证的阿龙原电话(xxxxxxxxxxx)卡已损坏 如需办证请联系xxxxxxxxxxx切请保留e
1,裸战xxx，买断工厂三小时！工厂总裁特批裸价，限量抢购，十倍返差！瓷砖、橱柜、洁具、地板、窗帘、一线品牌一站购齐，凭短信进店有礼，VI
1,诚信清货公司 长期承接各类超市商场，购物商场，服装鞋类商场临租《xx～xx》天进行短期间清货 如有清货商场介绍重酬x千～x万不等保留短
1,浙江恒瑞德门业有限公司.是一家集研发.生产.销售为一体的公司。主营锌合金别墅大门、真铜门、防真铜、防铜、非标门等……设计独特.款式新颖.豪华美观.集装饰与防盗为一体等特点，是家居.办公.别墅的理想选择。 我们本着客户至上的原则，把专业.周到.优质的服务送给你 地址：平湖市林埭镇徐埭农村合作银行对面 联系电话：xxxxxxxxxxx 政府网：xxxxxx
1,日照信通汇达丁超恭祝李总羊年大吉，万事如意！信通汇达无抵押信用借款解决您的资金需求，地址:北京路航贸中心A座xxxx（敬请惠存，欢迎咨询）
1,广汽本田宁波中兴店感谢您的来电，凭此短信来店购车即享尊贵大礼！地址：宁波市江东区中兴南路xx号。
1,欢迎致电汕头市大光明嘉盛影城，本影城是汕头潮南地区首家五星级影城，尖端设备，高清画质，震撼音响，让您感受不一样的视听盛宴，热线：xxx
1,感谢您的来电，旺福楼酒店，优雅的环境，实惠的价格，是您朋友会餐、家庭宴请、婚庆酒席的理想场所！订餐热线：xxxx-xxxxxxx【丽水
1,欢迎您致电淮海北路黄河桥营业厅！装宽带、买手机、办业务。苹果手机低至xxx元，宽带免费大提速，月底冲量办宽带再送无线路由器！咨询热
1,张家港神话酒吧今晚元宵佳节特别企划【春宵】花灯嘻乐汇！赏花灯，猜灯谜送大奖大型回馈活动，奢华酒水皇家礼炮、XO、蓝带免费赠送！全新艺人火爆来袭！男女实力派唱将正式加盟！新鲜血液造就神话舞台。
1,尊敬的顾客:您好！感谢你一直以来对奥扉服饰的支持和厚爱，值此元宵佳节来临之际，春款上市，特惠酬宾，满额还有礼品哦！阿波罗奥扉专柜全体员
1,你好，我们是义乌嘉银做信用贷款，无抵押，无担保的，有需要了解请联系我，冯经理，微信.电话xxxxxxxxxxx
1,新葡京www，xxxxxxx，coM邮局用户密码xxx，用户名xxxxxxxx，密码xxxxxx
1,味真香，买鸭货，舍我其谁！味真香，订餐电话：xxxxxxxxxxx 地址老烧烤一条街，满xx元圈里免费送
1,美丽女人节，三八共享， 施湾沃尔玛一楼(绘丽坊)化妆品店三八节活动，即将拉开序幕，x/x一x/x凡本店会员将可领取芦荟胶或面膜一盒。活
1,获赠x寸蛋糕一只，并享受全单x折优惠。更多优惠活动，欢迎致店。-阅山轩 小顾只，并享受全单x折优惠。更多优惠活动，欢迎致电xxxxxx
1,【鸿翔南湾】春节刚过喜迎元宵，南湾x#、x#新品火热加推，存x万抵x万，更有十全十美“团圆价”特价房，元宵佳节特惠来袭，不容错过！详询
1,特地推出：xx元可享受价值xxx一次的ms纤体仪＋全身体雕设计一次，为了让每一个顾客满意，本次活动只收了美容师手工费 ，全由公司承担，
1,免设计费免管理费！成都x台补贴装修基金，低于成本！参观一万多平米实体材料展厅
1,财，收益x.x％-x.x％，额度有限，欢迎抢购！汉口银行营业部杨丽莎xxxxxxxxxxx（三眼桥家乐福旁）
1,xxxxxxxxxxxxxxxxxxx是邮政，韦勇。
1,艾尚瑜伽——三八节被抢了！？真的么！？来艾尚瑜伽，抢诱人三八节礼品！抢喽！x）办卡有大礼  赠  x）办卡有现金  返x）来就
1,赵丽丽农行卡卡号 xxxx，xxxx，xxxx，xxxx，xxx
1,亲爱的顾客朋友您好！我是沃尔玛圣元奶粉营养顾问！现沃尔玛圣元优博奶粉再次给您送实惠！即日起至x月xx号，购买圣元优博奶粉二，三段x罐立
1,???北京市人民法院通知“淘宝公司”起诉你在xxxx年春节期间签约后并违约的合同纠纷一案。经我院审核你填写的领奖详细资料，属于违约。请跟本法
1,睢宁天弘雪佛兰专修新年大优惠活动：维修免工时费，免费检修发动机与底盘，免费加玻璃水，免费电脑检测。地址：东环岛汽车检测站南xxx米，电
1,喜讯，三八来临为答谢新老顾客，当天所有女顾客免费做营养油护理一次，当天洗护类产品x，x折优惠，当曰新办会员买单疗程满xxxx千送xxx
1,亲爱的，新年好。一号社区开业啦！为感谢您一直以来的支持，即日起至x月xx止，凡购买店内任意产品满xx元，就送价值xx元的上门保洁或者价
1,蓝波湾足疗城，现以转到，农村商业银行对面丶，原名彩足疗店，欢迎新老朋友的光临，，联系电话xxxxxxxxxxx杨佩
1,xxx期羊蛇马狗猪中特。 xxx期野兽生肖龙虎兔。 xxx期双数猪蛇兔羊开。 xxx期一二三头买蓝双。 xxx期龙马猪猴鼠中特
1,卓越陶瓷招聘，自动贴装箱，自动贴普工，窑后捡砖，护窑，看压机，联系电话xxxxxxxxxxx
1,三八女人节到了，幸福不停歇.阿玛施以干净利落的剪裁，让您呈现摩登面貌.超短的牛仔风格夹克，营造性感摩登造型
1,美女好：我是大华巴黎春天三楼.兰卓丽专柜.我们的节日x.x节.特别做优惠活动新品两件x折.还有x折x折的.姐妹们有时间来光顾！谢谢！
1,新品x.x折，秋冬产品折上折！活动地点：恩施水映华庭EP专卖店
1,【武汉葆春】尊敬的葆春顾客
1,你好！我是乐居华庭装饰公司的小皇，我们公司实行了七大优惠活动，分别是：x.先装修，后付款。x.品质保证，不合格砸掉重装！x.水电改造、
1,得免费宽带资格。x老顾客带新顾客购机即送价值xxx元功能机一台。敬请新老顾客光临。地址:芝山路商业城对面中域电讯，电话:xxxx-xx
1,迅捷物流，山西专线，主发太原，临汾，侯马，运城，于正月初八正常营业，欢迎新老客户继续支持，恭祝您在新的一年里生意兴隆，财源滚滚。业务
1,你好！电大本科正在报名中，想继续进修的话就和我联系。学费优惠xxx元。名额有限，欲报从速。xxxxxxxxxxx[电大张蕾]
1,河南腾龙人力招聘最新通知： x、浙江平湖日本电产芝蒲招xx/xx岁女性、男的xx/xx岁，底薪xxxx，不穿无尘服、吃住在厂里，宿舍有空调、洗衣机、可安排一个宿舍住。返费xxxx元、xx天结账。 x、浙江平湖日本电产三协招xx/xx岁限女性，xx元／小时，每月补贴生活费xxx元，不穿无尘服、吃住在厂里，宿舍有空调、洗衣机、可安排一个宿舍住。返费女孩xxxx元、xx天结账。 x、嘉兴昭和电子招xx一xx限女性底薪xxxx元、住宿有空调，户口本包进厂、返费xxx元，十五天结帐！ x、浙江平湖日本电产招xx/xx岁，男女比例x:x、底薪xxxx，吃住在厂里，宿舍有空调、洗衣机、可安排一个宿舍住。返费xxx元、xx天结账。 x、南通韩华新能源招xx/xx岁男女不限、住宿有空调、洗衣机、电视机、返费xxx元！ 有资源请联系xxxxxxxxxxx xxxxxxxxxxx程振伟
1,新年好，颐和温泉城新年最后一波优惠元宵节当天购房可享受xx折再送x年管理费（特价单位不享受）只限当天，旧客户介绍新客户成功购房送x千元现金奖
1,芙尔蔓xxxx年第一季度店主工作会及美容师培训会于x月xx日-xx日召开会议主题:x.新品“活泉莹润水立方”、“骄阳时尚裸妆秀”发布及培训。x.“喜洋羊”新模式发布——迅速普及疗程年度契约，拓、留、锁、拔一步到位。x.xxxx年品牌发展规划。x.年度合约续签。到会场后交xxx定位费送xxxx零售价产品，凡美容到会场的均发一瓶产品。xxxx年x月xx日芙尔蔓全体员工恭候您的光临！
1,钻石人间可KTV会所x、招聘主管x名，待遇：xxxx元+提成+奖金，男女不限，善于交际沟通。x、行政助理x名，有一定团队管
1,元宵节快乐！老客户您好！我是办证的阿龙。 如需办证请联系xxxxxxxxxxx切请保留g
1,新年好，新年最新报价：x.伊朗xx-xx长形自然开开心果，xxxxx每吨。x.伊朗xx-xx圆形闭口果，xxxxx元每吨。x.伊朗xx-xx长形闭口果。x.壳杏仁龙果，xx%出仁，xxxxx元每吨。详情咨询xxxxxxxxxxx
1,喜迎“三八节”活动：在三八节当天订购润康，买一个月量送十天量的润康，两盒送xx天量，以此类推。活动仅限于三八节当天。机不可失呀，润妈
1,(x/x)欢迎致电博悦教育，本教育中心开设：跆拳道 、拉丁舞、语数外课外辅导。详情请咨询：xxxxxxxxxxx  xxxxxxxxx
1,你好，海口景澜精品酒店现招客房服务员，月薪xxxx，超出xx个房间后一个房间提五元，包吃住，月休x天。有意向可以到公司面试。地址：海甸
1,热烈庆祝三八妇女节，xx元抢购一项高科技，每人限购x项，电波拉皮、电眼美人、时光穿梭、四重胶原蛋白、花朵能量补水、氧气美人、经络路路通
1,欢迎致电陡岗电信，电信公司回馈老用户，加x元提x兆，现在数字电视x年仅需xxx元，还等什么赶快行动吧！咨询电话xxxxxxx[陡岗电信
1,x元卡钱.还有无线消费机.您想安吗?期待您的咨询与合作！校园一卡通余小美：xxxxxxxxxxxQQxxxxxxxxxx
1,三八节好消息：玛尔黛兰为我们爱美的女性送福利啦！年卡身体项目优惠活动升级版：送艾灸啦！项目升级，价位不动；购买产品还有现金卡想送哦！截止日，期x月x号至x月xx号亲们，心动不如行动，快来报名吧！
1,博洛尼整体厨房庆x.xx活动四重大礼，新品橱柜五折，全屋产品定制活动进行中。新潮农行南走xxx米即是xxxxxxxxxxx，博洛尼李洪
1,【成都六台快乐验房】栏目联合四川标筑装饰x月x日到x月x日征集【建发中央鹭洲】电视样板间活动! xx㎡仅需xxxxx元高品质整装一口价
1,现有胜利三路和东山花园各一套住房低价出售，有意者请联系，电话:xxxxxxxxxxx
1,你好，东方尼龙厂常年销售尼龙管，尼龙棒，尼龙板，如有需要，欢迎来电，联系电话:xxxxxxxxxxx付伟冬
1,亲，您好！河西万达欧时力新品上柜，部分新品x折，欢迎前来选购！萍萍。
1,疯抢，疯狂！黑色星期伍  见证真低价！x.xx--xx日河南永乐拼了。亲，全年价格最低，所以提醒您，x月万人空巷抢空调，您不要错过！！！目前，定金火热预存中。预存另有超值好礼！地址:永乐电器花园店（国贸xxx对面），地上地下xxx个停车位便捷购物，我的电话xxxxxx......
1,佛山思念门业（前身横县恒居门业）祝新老客户羊年生意兴隆，本公司铝合金门现已升级为中高端产品，卫生间门有单包边丶全包墙x.x、x.x、x.x、x.x厚。吊趟门有单包边丶全包墙x.x、x.x、x.x、x.x、x.x厚。工艺玻璃可做钢化、防爆、车刻、冰花、钻彩、肌理、金镶玉、碎冰贴片、镜花、木雕花、暗花、冰雕、水晶格条等。电话xxxxxxxxxxxx
1,岁月不会因祈祷而停留，美丽却可以因保养得当而永驻！三月， 玫琳凯送礼一重又一重！ ㈠单张订单购买任意幻时或幻时佳产品每满xxxx元，即
1,尊敬的会员，您好！我是天旺广场水淼专营店女装x月x日～x日购买水淼女装+xx元，全场任选一件，快来选购吧！！
1,温馨提示:xx年海南会/计从业资/格考前泄/密試/题
1,低价转让顶账房！xx至xx平米，两室一厅，南北通透，落地窗，还是学区房，能陪读好出在那xxxxxxxxxxx，xxxxxxx
1,x.x妇女节东百蝶妆专柜推出大型活动，全场x折，活动现已开始，亲们速来选购，东百蝶妆欢迎您的到来！！！
1,您好！衡百国际三楼爱慕专柜三八妇女节活动开始了！全场正价产品满五百直减一百，满一千直减二百，还有买三送一买五送二的活动，这次活动力度很大，希望有时间来看看吧！
1,中原地产幸福小镇分行广招精英，有经验者底薪xxxx—xxxx元，另加高提成及年底分红，xxxxxxxxxxx车晓龙期待您的加入，详情来电咨询
1,【我乐厨柜】xxxx年潍坊市重启招商。您看好定制行业吗？我乐重启招商，绝好机会，机不可失。详情咨询招商主管王明川xxxxxxxxxxx。
1,感谢您致电上海宝燕壹號滨江店，主营精品粤菜、宁波海鲜，地址：浦明路xxxx号（近龙阳路口）享受美食尽在宝燕！【上海宝鑫餐饮管理有限公司】
1,玫琳凯三月感恩回馈——幻活新生 时光礼遇?㈠单张订单购买任意幻时或幻时佳产品每满xxxx元，即可免费获得超值赠礼（赠品价值xxx）：?A.幻时新生保湿柔肤水x瓶（xxx元）?B.单支VC精华x支（xxx元）?C.亮采试用装x套（内含精华液，眼霜，粉底）?㈡单张订单购买任意常规产品满xxxx，即可额外获赠：（赠品价值xxxx元）?x幻时迷你套装一套（比原先套装更丰富，包含了日霜晚露！！）?x幻时梦唤新生面膜x支?x亮采试用装x套！?x限量版香草莓果护手霜+同香味润唇膏?    限量版香草薄荷护手霜+同香味润唇膏  二选一?㈢节日有礼：?  x生日礼——x月生日的VIP顾客（身份证为准，新老顾客都可参与）赠送炫润唇膏一支（价值xxx）?   xx.x妇女节 节日有礼：?拥有xxxx元电子券的老顾客，可额外获赠x号面膜一支（价值xxx）
1,好消息！好消息！x月x-x号时间，凡到店做美容护理的新老顾客均可免费获得xxx元的产品，火爆预约中，欢迎来电！（佰花方
1,爱自己，从护肤开使……寻找肌肤＇专属＇天使，凡x月x日～x日在美容院购买任何一款产品，都可以享受买x送x或满xxx元送xxx元优惠劵满
1,x月x日—xx日，欧派集结“力”量，震撼来袭！x大优惠，金券礼包即买即送；x大特权，免单大奖疯狂抽；x大回馈，感恩好礼专门送，数量有限，先到先得！更有新品限量预售，  地址：前进街吉美家居三楼欧派厅
1,发财～现有各行业正规发*票：xxxxxxxxxxx钟经理。互惠互利，合作共赢！
1,xx期，牛头马中特，三五反一四，买长久，问十五。风流一生天生我，有七有八开四三，鸡家去鸡家中位，买东山，四十一期中。
1,夏娃之秀专卖店，三.八节活动满xxx元立减xx元    满xxx元立减xx元   欢迎您的光临
1,你好，上海院子别墅业主，帝涵国际设计已经在本小区开工x套工地，有简欧风格，有中式风格，价格在xx～xx万元全包。帝涵国际设计是上海家装
1,格  降！降！降！ 礼包  送！送！送！   明智的您抓住机会赶快来店吧。 地址：高新区塔园路xxx号 东风小康xS店！ 来店记得请说
1,百脉猎头招聘
1,金牌亚洲陶瓷x.xx活动开始了！全套购买橱卫砖赠送xxxx净水器一台，更多厂价直供产品供您选择。欢乐前来选购，金牌亚洲祝您幸福美满开心
1,圣蜜莱雅升级版，中国圣蜜，隆重推出七天六夜旅游盛会。游曼谷住五星见明星。xxxx元免费享受此政策。邯郸学军日化有限公司xxxxxxxxxxx
1,三八妇女节之：全息经络养生馆祝您节日快乐！为答谢新老顾客，凡是到店顾客均有精美礼品赠送，（名额有限）日期x月x号至x月x号截止。咨询热线：全息经络养生 移动电话:xxxxxxxxxxx
1,菲越内衣店明天最后一天打折，全场、x、x折，亲们赶快采购！
1,惊喜，惊喜！终于等到你！“茜”女王 “惠”生活 x.x女王节 惠享美丽！x月x日至x月x日期间，私人定制满xxxx元 即可获赠xxx的
1,热烈庆祝三一重工挖掘机举办三月大型促销活动，厂家出手大减价: 一，加大补贴以旧换新，二活动期间内凡购买syxxx及以上挖机送小车，三s
1,，精致小三房火爆认.购中！我们项目地址：位于后湖大道与塔子湖西路交汇处，江岸区人民检查院对面，塔子路体育中心斜对面。公交车站点：后湖大
1,发票代开，联系xxxxxxxxxxx陈小姐。
1,感谢致电状元堂！学校开设舞蹈、美术、乐器、跆拳道、各科文化辅导课程。用一流的教学影响孩子一生的教育！电话xxxxxxx
1,x.x女神节，曼天雨，海曼斯羊绒大衣和皮草x折，先到先得，女神节任性抢购活动开始了。地址：东顺城街。电话：xxxxxxxxxxx.
1,亲，x.x女人节快乐，吉芝奴店买内衣抽现金啦！买一件、抽一次，多卖多抽，奖金分别有xxx，xxx，xx……多种等，百分百中奖  。会员
1,凭营业执照办理刷卡机，使用三个月无违规操作，可办理贷款。详询回复本号。
1,您好！我是刚才给您打电话的小吴，现在汉正广场这边xx年产权商铺火爆出售（汉正街品牌服饰批发城旁） 吴快:xxxxxxxxxxx 地址:
1,你好，我是靖江天顺快运有限公司！本公司承接靖江至全国各地货物运输业务！聂经理xxxxxxxxxxx  地址长新桥北xx米天水公园斜对面
1,家长，您好。祝孩子新学期有新进步！寓乐湾培训学校新学期开设初中学科一对一，小班辅导，均为在校老师上课，欢迎您来电咨询，xxxxxxxx
1,感谢致电义乌申翊塑胶制品有限公司，本厂专业开发、设计、生产销售PVC充气玩具、工艺促销品等塑胶制品。价格咨询电话xxxx-xxxxxx
1,您好！我是宋佳，尚层装饰的。我们是承接西园设计装修项目最多的装饰企业，本公司于（x.x—x.x）面对全体业主举办户型设计方案展示活动，我们以“全案定制设计团队”（包括结构工程、室内设计、产品设计、风水咨询、软装配饰等）为您提供全案设计户型解析。前期参考全部免费！超高的性价比一定能为您的家居带来参考价值！公司地址：钱江新城新业路x号（杭州大剧院背面），UDC时代大厦A座xx层。尚层别墅装饰 宋佳xxxxxxxxxxx
1,其港平价家私广场专业销售各类家具.款式精美.价格***.质量卓越!电话xxxxxxxx.期待您的合作.欢迎来电咨询订购!
1,索菲亚衣柜活动预热中，您买门我们您送柜体，低至xxx/平米，您敢买我们就敢送！前所未有的最低价！保证让您满意！ 索菲亚衣柜导购小于随时
1,您好，我是欧派整体家居销售顾问刘学，明天上午x点我们欧派厂家举办“xxx”鉴证“欧派力量”厂家签售活动！力度大，厂家直销巨惠史无前例！
1,您好，我是xx同城的招聘商务顾问孙兆卉，我们现在在做促销活动，我的QQ号码是：xxxxxxxxx，您有什么问题可以随时与我联系，祝您生活愉快。
1,热烈庆祝三八妇女节，永川华创姣莹内衣店为感谢广大女性的长期支持，全场内衣x-x折，有买有送，具体活动：满xxx元送丝袜或船袜一双，满x
1,喝酒被查，速转三千到警官这个邮 政：xxxxxxxxxxxxxxxxxxx蒋帆p
1,礼遇五、享受美味，传递美丽！x月份为本店宴会专场优惠月，所有宴会满xx桌送一桌同等价位的菜
1,【华夏银行】我行x日发售xxx天理财（仅限一天），预期年化收益率降至x%（受降息影响）。凡购买保本理财者均可配置额度。详询xxxxxxxx
1,椰岛美容红钢城店x/x女人节真情回馈，凡x～x号之前到店即可免费享受价值xxx元的养生泥灸一次！椰岛美容只为更美的您！期待您的光临！喻蕾
1,双重认证，大虹桥交通枢纽近在咫尺，畅达全球，x号线地铁上盖，诚邀品鉴！ 售楼处地址：沪松公路中春路交叉口 万科商用客户经理：朱中波xx
1,人保车主福利来了！即日起至起亚xS店办理车辆续保（人保），低折扣还可以享受xS店返赠xx%的保养券、xxx元四轮定位动平衡卡x张、燃油
1,火爆认筹xxxx抵x万另外认筹当天至开盘当天每天减xxx元房款，机会难得！请速来项目售楼部了解详情！祝您工作开心生活愉快！
1,仅此一天！史无前例！空前优惠！亲，赶快抢购吧！艾肤媛阳光店电话：xxxxxxxx、！
1,雍景香山壹号项目总占地xx万方，项目分六期开发，现在是首期，产品有独栋双拼联排别墅，认筹优惠为x万抵x万，x万抵xx万，xx万抵xx万
1,您好，我是刚才跟你联系过的平安信贷部客户经理姚博，您后期有资金需要直接联系我，当天申请，当天放款，详询：xxxxxxxxxxx
1,感谢致电康辉旅行社！我们为您提供国内国际旅游，机票酒店签证预订。联系电话：xxxx-xxxxxxxx或登录：www.hicct.com
1,友新春快乐！！！现公司电器商场在本月x号——x号（三天）举行以 促销 旧换新及格力空调大型让利（先直降再认购预存xx元抵xxx元）活动
1,亲爱的新老顾客魅力庆三八，快乐女人节。娇芙达三八节惊喜大放送 。到店者顾客均可享有免费项目任选一次，有更多惊喜期待您的光临，截止日期x
1,亲   新都新中路 名福珠宝“庆元宵迎女人节”活动正在举行购买钻石.K金玉器类珠宝更多优惠有精美礼品相送 xxxxxxxx【xx-xx号】
1,jE ruigouw.org/?f=xxxxxxxxxxxxxx您好！苹果xS手机只要xxx元
1,王府井欧珀莱重磅来袭，x月x日-xx日举行大型搭台促销，满额享多重豪礼，x-x日更邀时尚达人Davis老师亲临王府井现场与你共同缔造极
1,(x/x)老用户预存话费送iphonex、iPhonex Plus、小米x、魅蓝Note、魅族MXx Prox、华为Ascend Px
1,尊敬的会员您好！东明太平鸟全体员工祝愿您三八女王节快乐！活动时间为：x月x号－x月x号活动内容：全场买一送一、冬款x-x折、xx春新品
1,温馨提示:博远学校小学部开设剑桥少儿英语，小学各年级语文，数学，英语提高班及名校冲刺班，可免费试听！ 欢迎咨询报名。xxxxxxxx
1,招生啦！招生啦！同学们准备好了吗？本中心随时迎接同学们的到来！本中心开设幼小衔接班，午／晚托，全托作业辅导，一对一，一对多辅导，语、数
1,尊敬的业主，您好！由射阳顶级家装建材大品牌组成的冠军联盟，于x月x日在射阳富建大酒店举行建材特价日！届时欢迎您的大驾光临！富建大酒店特
1,x月xx日，诚信xxx活动全面启动！预存xx抵xxxx，以旧换新补贴xx%，套购再享折上折。xxxxxxxx
1,情人节， 爱Ta就送恒大御景湾精装房！首付仅x-x万，成熟商圈          、松花江畔       、交通便利       、英
1,女生节来啦!斯凯露祝你节日快乐，每天都漂亮开心
1,感谢致电布丁酒店杭州武林门店，酒店位于天目山路xx号（天目山路和马塍路口交叉），公交车八字桥站，手机APP预定享最优价格最高积分，下载
1,泰康人寿新春钜惠：孝行天下-老年防癌险。小投入大孝心，为爱尽责，让家无忧。详情咨询您身边的泰康服务人员，或电话垂询xxxx-xxxxx
1,吴江英伦美家整体软装（墙纸、窗帘、家具）xxxx开门大吉，诚信xxx优惠大型活动，在吴江新体育馆（x月xx--x月xx）期间举行，现场
1,您好:御花园之上xx--xxx方，启动火爆（转筹）认筹（存x万抵x万）招商信用卡积分买房，百年央企-杭州首开代表作！（x月份首开）绿色
1,中海实实在在赠实惠，全城欢欢喜喜过元宵。xx套珍藏版特价房，限时限量热抢中。中海国社坐拥全城优全配套，xS阳光生活，震撼登场！xxxxxxx
1,在此“三八”之际，大世界鞋城提前祝您节日快乐！为了答谢您对依迪夫人、百丽、的支持与厚爱 ，凭此电话短信进店领取精美礼品一份！ 活动时间
1,老板新年好:本人潘玉森现在家休息.以前在陶瓷厂做原料设备生产管理.望老板有那厂需要人员的请通知:电话xxxxxxxxxxx需其他人员的
1,元宵节快乐！您好！我是艺美家装饰设计公司的小朱，x.xx业绩冲量特惠，签单送家电。做金堂性价比最高。进店送精美礼品一份。欢迎咨询，参观
1,精品SOHO公寓等业态组成，是集购物、休闲、餐饮、娱乐、文化、居住等多功能为一体的大型城市综合体。现在主推xx-xx㎡公寓，均价xxx
1,特大好消息，星期六品牌时尚女鞋将在天阔悦百汇x楼进行空前超低价销售全场xx元起。活动时间x月x号到xx号，机会仅此一次，请好友们相互转告！
1,大哥打扰了，xxxx年推出一款高端补肾壮阳产品《美国强效阴茎增长片》，对睾丸保养，阴茎增大增粗，疏通输精管，提升荷尔蒙水平。x性器官功
1,是x和xx.特码开九岁狗xx  一句得一肖  xxx期: 三六上下有好码{开:龙xx} 解:玄机中有三.特码直接开三岁龙xx!  一句
1,尊敬的会员，你好，我是百大港汇林清轩店，特大喜讯我们家三八节也就是这个星期天当天有一个全场x.x折后购物满xxx送xxx的活动，想当于
1,三月女人月，情饰专家润金店祝您女人月快乐！三月倾情推出闺蜜情深活动，赠送所有会员极其闺蜜“两百三十八”元购物礼金，并可办理同等级会员卡
1,中国邮政储蓄银行 xxxx xxxx xxxx xxxx xxx 朱宏亮
1,大动作'看格力'x月x日至x月x日'紧有x天'一年难得的一次最大优惠活动'机会难得'有需要请联系：王：xxxxxxxxxxx
1,【凤凰城二期】尊敬的会员x月x日至x日元宵喜乐汇诚邀您参加！猜灯谜闹元宵玩游戏嗨x天~凭短信就有精美礼品送哟！有钱任性！详询xxxxxxx
1,！您好，这里是平安银行驻苍南代理，公司主营:信用、抵押、企业贷款，垫资，融资...地址:灵溪镇仁英路xxx号（县政府后面） 博达银企x
1,专业的培训学校，圆你舞蹈梦想。 云之南舞蹈艺术培训学校本学期开始报名啦！！！即日起接受报名，只要你喜爱跳舞，年满x.x周岁，匀可报名，
1,美女姐姐，艾维品牌升级，库存清零，全场x折起，x折封顶，仅此十天，机会不容错过！美美艾维全体员工期待你的光临！
1,本公司现有一房产抵押项目，时间两个月，月息x分x有意向者可联系我！世源亚楠xxxxxxxxxxx
1,哥，您好，我是生活家装饰小程，公司xxxx.xx平的实景展厅这周正式开业，每天到店业主有xxxx元的开业红包代金卷。原价xxx每平水电，现xx元每平。不限量，随便改，保质十年，当然，装完肯定要买家电对吧，只要xxxx元，家具xx件套，沙发，茶几，电视柜，餐桌，餐椅四把，床两张，床头柜两套，优惠空前绝后。地址:槐安路与谈固南大街交口东行xxx米路北。小程欢迎你的到来。
1,利！克丽缇娜特色项目花精部落·峰（胸部护理）一次，凡是x月x日—x月x日到店护理的顾客均可免费享有！为了保证服务的品质，到店护理请提前
1,瑞博文装饰精装全都有！现金优惠；赠送烟机灶具＋厨卫大礼包；优惠多多！！地址：广阳道与新开路交叉口西行xx米亮都建材城A座x楼（建业大厦对过）小苏
1,你好！我是华强茂业四楼insatin，茂业女人节x-x号本柜全场商品x.x折起，欢迎 你的光临
1,迎x.月x号妇女节！薇依洗化！给你好礼！和劲爆优惠！x月x号当天购物满！xxx元以上享八折优惠！xxx元以上享x折优惠！xxx
1,真情回馈宜宾业主，定于xxxx年x月xx日-xx日在市政广场、苏宁电器旁边，宜宾公司举办大型优惠活动，海派设计师现场为您解答装修方面的
1,尊敬的家长新年好: 宗汉培训春季招生现在开始了，中小学生晚辅导、双休日特训、单独辅导、现在报名优惠更多！最后祝愿您:吉祥如意、好运连连
1,维信给力贷款产品：只要名下有按揭房、打卡工资同时有社保或公积金、x万以上的信用卡均可办理贷款，额度最高xx万，不上征信时间快！
1,家长:您好! 领数教育(王兵老师创办)xxxx年春季开设: 周末班(金牌奧数，数学培优，阅读与写作，小升初冲刺，中考冲刺) x月x日起开课 周一至周五(晚修辅导班) x月x日起开课 。 电话:xxxxxxx， xxxxxxxxxxx， xxxxxxxxxxx， 地址:南湖路  鑫龙楼(本因坊旁)
1,和厚爱，开业当天及x.x节推出x.x折优惠活动！欢迎新老客户品尝开河大鲤鱼！订餐电话xxxxxxxxxxx，xxxxxxxxxxx。
1,x月x至x日《荣威MG福暖三月》女人节赏车会，荣威MG全系车型春季献礼。邀您品鉴MG GS，尊享GS预售优惠。岳阳顺通xxxxxxx
1,我们是中国平安，办理银行不用抵押和担保的贷款，一天到账， 联系电话xxxxxxxxxxx 宜兴万达写字楼xx楼xxxx室
1,感谢来电，本票点代售发往全国各地的火车票、飞机票。地址：西山区东寺街教育宾馆内。电话xxxx-xxxxxxxx【xxxx-xxxx
1,喜讯，魅力女人节，为回馈新老顾客的支持与厚爱，西彭依曼丽内衣全体员工祝各位女士青春永驻，活力永存!节日快乐，凡在节日期间购买均有好礼相
1,分，为您解决孩子的学习问题！提分热线：xxxxxxxxxxx，xxxx—xxxxxxxx。
1,红旗南大街衡水泽龙东风日产店为了回馈广大客户的厚爱，将于x月x日（正月十五）在店内举行闹元宵，猜灯谜送好礼活动，销售顾问赵栓将竭诚为您服务。电话xxxxxxxxxxx。地址:衡水市红旗南大街滨湖国际对面冀师南邻衡水泽龙东风日产专营店
1,老师新年好！我是深圳市鑫雅轩文化发展有限公司王生，主营中小学教辅，字帖，口算，工具书等。品象好，折扣低（如:夺冠新课堂定价xx.x只需
1,黄金身段，为迎接三八节特搞此活动，全场满xxx立减xx，凡满xxx元有相应的礼品相赠，x折区还有好礼等你来拿，活动时间为x号，x号
1,你好，我是家和精品街好利安超市贝因美导购，在这里祝你元宵节快乐，现在我们的奶粉在做活动，全场八折，，更多优惠等着你，如果需要请你联系我
1,身份证来店即可赠送全场xx元以内的任何商品!详情咨询电话:xxxxxxxxxxx
1,大哥：我是太平洋房屋闫四军，秋月枫舍最近新出一套两房，一房朝南，一房朝北，厅南北通的，面积是xxx.xx平米，精装修，拎包入住，楼层x
1,茶友消息：馆长你好：本人?? 扎细新村独家独院、xxx平米急售xxx万！如真心购买，价格可微调！非诚勿扰！电话：xxxxxxxxxxx
1,x.x号王仙岭做活动啦，女士门票享x折，陪同的男士x折。餐厅女士付款全单x折（酒水除外）。郴州唯一一处赏陀螺果花的地方不可错过。预祝您
1,尊敬的会员您好！LA CLover 幸福女人节开始了，凡于x月x日至x月x日期间莅临亚欧LACLover内衣专柜的您，将享受意外的惊喜奥！
1,你好，公司直招北京-长沙专线跟单员，包吃住报销路费，试用期工资xxxx，公司欢迎你的加入！收到信息及时和李经理联系xxxxxxxxxxx！
1,你好！为回馈新老顾客，三八节特推出优惠活动，活动期间所有身体项目半价，面部护理均可免费享受汗蒸一次！活动时间x.x--x.x日结束
1,毕节麻园卫校后大门xx米处，爱之家宠物店，xxxx年x月x日开业，活动时间x月x日～x月xx日，美容、推毛、洗澡等等；都有优惠，还有狗
1,尊敬的客户你好：峨眉名匠装饰祝你和你的家人羊年身体健康，财源广进，公司免费为你设计，春节签单有优惠哦！(厨房三大件)
1,家长您好！重庆广电广播教育学校北碚校区春季班将于xxxx年x月x日正式开课，专业培训小节目主持人，幼儿语言艺术等项目。如果您的孩子对以
1,亲爱的宝妈，您好！十分感谢您能打开此短信，我是腾冲安恩贝母婴护理店长，也是杨会萍的师傅，我店优惠活动有月卡xxx元，季卡xxx元，半年
1,海王星辰南六东路店x月x日千台血糖仪大赠送，心脑超低特价，济水阿胶原价xxx.今天特价xxx，除此之外消费满xx元立减x元(xx个商品
1,套餐，让您拥有健康美丽的同时享受多重优惠。爱自己，就送自己一次健康美丽的机会吧！活动火热进行中，惊喜颇多，您到店了吗？美丽热线xxxx
1,特大喜讯，惊喜来袭，好礼在沃，现沃尔沃为回馈广大新老客户对我们的大力支持，元宵节特举办微信“抢红包”活动，红包价格在xxx元至x万元不
1,您好我厂生产各种规格高低压内袋，方底袋。诚信合作，有意联系xxxxxxxxxxx
1,阳光新世纪家电卖场即日起全部家电大放价！提前锁定xxx，预交xx元顶xxx，买电器送阳光卡，套购还有超值豪礼相送！详情请到新世纪一期五楼咨询
1,《曹家整形医院》三八活动
1,，喜气羊羊闹元宵”！老客户推荐新客户成交，新城壹号为您送上￥xxxx元红包！详询：xxxxxxxxxxx
1,你好！我是小程！我们公司现在有杭州天目山景区xx万元起的旅游度假公寓，景区唯一的xx年产权房，电梯小高层，环境清幽，空气清新，适合旅游
1,飞腾柳浪，金猴跳跃上春山。  送：窈窕苗条。  配：今期上山一三九，牛头马面来人家。送：二十中特来。  三一相逢五掌杯，二一再干三十回
1,x.x节即将到来！美丽女人 我们有约会 美丽新曲线，疗程看得见！晓华回馈新老顾客特出此优惠卡：xxx元可以享受价值xxx元的x次瘦身（
1,注意。 甬城专业房代，希望有所帮助，x-x天放钱！有资金需要咨询xxxxxxxxxxx陈，祝生活愉快！
1,您好，我是王慧峰，东唐装饰x.xx盛大开业，现场二十多套不同风格的样板间供您参观，活动当天限量免管理费，设计费，前xx户送xxxx装修
1,玉芳日化迎x.x节，为了回馈新老顾客，本店特推出，新面孔，冰美人，买xxx送xx，买xxx送xxx，买xxx送xxx的优惠活动，彩妆，
1,亲，你好，三八妇女节快到了，公司有活动哦，正价商品满xxxx有浴巾礼盒送哦，数量有限！！！亲们快快行动起来吧（临安万华伊芙丽唐文发）
1,您好!我是阳光一百置业顾问莫利。我们现有别墅、公馆、商铺在售若有置业问题或过来了解详情欢迎致电xxxxxxxxxxx祝:新春愉快
1,欢迎致电xxxxxxx余师傅开锁、刻章热线。本店是经公安备案，工商注册。为了您生活方便，请保存此号码。您只需一个电话，“锁”有问题我来
1,【天涯孤客】xxxx年头号重磅炸弹，全场x折（新款特价、除外）期待你的光临！青岛国货超市电梯左侧
1,开福万达DIGEL（迪格尔）德国轻奢新锐男装品牌。   现推出六折起优惠活动，我们热忱地恭候您前来品鉴。地址：长沙万达百货一楼（四号
1,店铺商品全部低价处理，一件不留，只限三天时间，请美女即刻到店抢购，女子百合，李丹，柴里购物中心南对面市场
1,x.xx箭牌卫浴.瓷砖真情回报，半价狂送.欢迎光临本店选购.电话：xxxxxxx地址：环市东路源华苑商铺（东方豪苑华润超巿对面）
1,汉唐装饰新年家装展，xxxx年全包主材震撼登场，好礼送不停！半包更是优惠工程直接费低至x.x折！购主材送工程款:购得越多，送得越多。详
1,xx期，x肖包中料：（牛）xx，xx，xx，xx，一个码各下xxx元，一定中。
1,您好！这里是四川美在中视西南金融事业部，直接对接各大银行为中小企业提供无抵押、无担保、低利息的信用贷款、信用卡和抵押贷款服务。 地址：
1,欢迎致电渔歌味酒店！菜金满xxx送一道特色菜，南昌x度特价。祝新年快乐红红火火。京东大道xxx号（火炬二路）电话xxxxxxxx
1,新年来临之际，森柏尔养生中心为答谢新老顾客长期以来对本店的支持与厚爱，特举行xx元感恩活动，项目如下:面部水疗一次、背部放松一次、刮痧
1,您好！九江禧徕乐是政府重点招商引资项目，在客运站、火车站旁，万达国际同一商圈
1,姐！你好！我是漯河义乌国际商品城的小乔！十万方奢华商圈！汇聚小商品的海洋！线上线下！一线配送！首付三万轻松座享xx年收益！项目地址郾城
1,个月打造“s”曲线，无效双倍退款！——减肥是过去式，塑形是现在进行时！～～爱美的你还等什么呢？塑形热线：xxxxxxxxxxx
1,本周高收益理财滚动发行，各款理财收益从x%至x.x%不等
1,西郊湿地花园里面（西郊烟草公司对面）有一个xx平方的一楼公寓楼出售！一共四楼！土地证、房产证齐全！有意出售！xx万稍有下调！联系电话：
1,妆油；而且满xxx再送xxx元优惠券。DHC期待您的光临
1,亲爱的兄弟姐妹们！即日起我们公司开年超级内买，数百种全新样衣（真丝、羊毛/上衣、裙子、外套），价位xx～xxx，售完即止。地址：愚园路
1,公办学校，放心可靠。南阳电大春期招生报名开始，专业全，免学费，人人享受补助x千元。为您提供国家正规资格证件办理。陈主任xxxxxxxxxxx
1,迎 三 八孤山子丑小鸭化妆品，买二百送二百，尾数x.x的xxx元。低二百。并抽大奖，百分之百有奖。欢迎新老顾客积极参与。活动时间，x月x一x月xx日。
1,好消息！上海金律x.xx活动提前行动，满xxxx送高档拉篮，满xxxx送精美水盆，最低价xxx元每米！店面升级，样柜贱卖！机会难得，快
1,西洋信用社，陈善好，xxxxxx-xxxxxx-xxxxxxx
1,你好，我在新温州商贸城有房出租，是合租的。独立卫浴，有电视，空调和衣柜，席梦思床。xxxxxxxxxxx
1,您好，我是江南怡和小区售房部的郭瑞，我们这是武都政府城投公司建的限价房，户型从xx到xxx平米的都有，需要的话可以给我打电话，过来记得
1,感谢致电骏速电脑科技有限公司，本公司以联想、华硕品牌电脑销售、电脑组装、电脑维修、监控安装为主，地址：麻章区麻赤路xx号（一小对面），
1,感谢您致电荆门汇中财富！汇中财富为你提供无抵押，无担保信用借款服务，急你所急，解你所难!
1,西美奥特莱斯三八靓丽女人节折上x折；拉夏贝尔x折起巧克力x折起阿迪耐克x折起百丽旗下女鞋x折起欧时力x折起！电话:xxxxxxxx【西美店】
1,北国超市新百店美赞臣奶粉x月x号_x号满xxx立减xxx咨询xxxxxxxxxxx
1,：本人有辆纯进口起亚索兰托车子出售x，x成新，车子xxxx上户，是一手车，若感兴趣、联系电话：xxxxxxxxxxx  非诚勿扰！
1,亲爱的会员：诚邀参加x月x日—x月xx日“阳春三月惠动津城西门子博世家电大型团购会” 活动，到店即可享受超幅特购优惠，更有多款原装进口
1,绚丽三月，做美丽女人，留住青春，桐树街邦宝女装，特大优惠，部分货品“x.x”折，时间为（x.x—x.x）期待您的光临。
1,雅仑美容护肤中心，因店面装修，现将店内化妆品全部清仓处理，数量不多速来抢购，不同的消费有相对应的赠送，望广大新老顾客互相转告，地址：旧
1,三八女王驾到，华洋堂晶雅福宝石专柜全体员工为您送上最诚挚的祝福。x.x-x.x期间全场商品x.x折后满xxx返xxx元礼金卡，更有惊喜
1,奖金xx.x万元以及苹果公司赞助提供的苹果笔记本电脑一台。请用电脑登陆活动官网：baba.naerf.cc验证领取。您的获奖验证码为：
1,尊敬的客户感谢致电纯香阁木桶饭.本店提供特色木桶饭系列
1,您好，我来自宜信普惠，小额贷款，我叫吴梦，当您有资金需求时，请联系我，您周围有朋友需要资金周转时也可以向我们联系，微信号，xxxxxxxxx
1,汉阳三环独栋仓库、办公楼出租 汉阳客运中心新华工业园内xxxx㎡带电梯仓库、xxxx㎡办公楼整体出租，也可分租，地铁口、x面环路、交通
1,亲买皮草就到银泰褔华店五楼皮草特卖城！年终清货！千款皮衣，皮草，水貂，不计成本x.x一x折甩卖。询xxxxxxxxxxx回T退皮草]
1,本周末依诺维森公司x.xx活动正式拉开序幕，品类有墙纸窗帘灯饰家具木制品艺术涂料地址：江北北滨路居然之家大门对面依诺维森国际家居。刘
1,你好姐姐，为了庆祝我们共同的节日，海纳广场玖姿专卖店，特推出皮衣x-x.x折，冬装买满xxx省xx，其他的包括春装都是xxx省xx！活
1,【财源盛景】居城心、读名校、仙下河畔、武商旁。水景豪宅xxx平x房一步到位
1,元宵快乐！感谢各位CNY期间对百一橄榄油销售的大力支持！xx年x月xx日到xx年x月xx日期间，有百一团购满xxxx元的，烦将发票照片
1,缺钱找我！人人有信用  信用有价值x-xx万无抵押信用借款，急用钱 请找我一 费率低：综合费率：x厘x-x分xx 二 放款快：资
1,新年感恩钜惠，城市山谷清盘行动现已全面启动，在售仅剩余xx套经老板特批的优惠价格。可享受自开盘以来最优惠的价格。剩余房源有限，先到先挑
1,欢迎致电　高安天长地久婚纱，天长地久开业庆典！开业特惠风暴第一波来了，套系直升三级，价位连降三级，xx寸品牌液晶电视等好礼送不停，等你
1,水晶之家装饰有限公司提前祝您元宵快乐！水晶之家承接各类家装，工装，劳务人工等！如需求请随时致电xxxxxxxxxxx小张再次祝你工作顺利！
1,你好，x
1,三八你最大优惠最疯狂，普丽缇莎美容院为感谢新老顾客一直以来的支持与厚爱特在三八节推出系列优惠活动，凡在三月七八九号进店均可体验微电疗一
1,农行帐号xxxxxxxxxxxxxxxxxxx户名刘健
1,年已过!准备跳槽的，请联系我！ 工作服免费，小费xxx，xxx，xxx，【隔岸路、百豪公馆KTV～小武】
1,您好！我是好又多完美化妆品的，珀莱雅买多少送多少，还有特价套盒，一折抢购，快来看一看。
1,按中国人寿总部消息，由于银行连续降息，按保监会核定最高预定利率x.xxx%设计的”鑫如意“保险理财产品更显优势！同时体现出公司经营成本的压力，国寿总部决定在x月底将这款热销产品告别市场，不买就亏大了！有兴趣的朋友抓紧联系武翠娥，xxxxxxxxxxx
1,亲爱的，一年一次的x.x折回馈会员活动x月x号开始，所有面部和身体护理x.x折（基础护理，冰膜及冰膜类护理除外），x月xx号结束哦，也
1,一年一度的三八妇女节又来到了
1,公司支持企业新建、扩建、新项目研发、生产、矿产、农业养殖等实体项目合作 联系人陈经理xxxxxxxxxxx
1,农行卡xxxxxxxxxxxxxxxxxxx唐辉芬
1,各位汉寿甲鱼综合市场的准客户新年好，大家期待已久的汉寿甲鱼综合市场明天（正月十二）上午九点荣耀开盘！四重购铺大礼抄底汉寿商铺，最低xx
1,亲爱的，莱特妮丝x?x活动已拉开序幕，S计划更是享受x折优惠！全场省现省到你惊讶！赶紧的……赶紧的……，我是通知你了的哟，错过了就是你的损失了哈！
1,春之元硅藻泥携八大建材冠军品牌新春团购惠，时间正月初八至正月十八，欢迎进店选购。地址：三环路xxx号，俭朴寨正对面。电话xxxxxxx
1,姐，你好，我们是舞彩化妆品店上南街这个店的婷婷，我们舞彩三八节大回馈，超低换购，优惠多多，请三月五号，六号，七号，八号来舞彩上南街抢购
1,深圳学车必转，通品学车史上最大优惠   热列庆祝通品驾校成立xx周年，百万优惠大酬宾，凡转发此微信享受如下优惠：          标
1,上级通知，至此三八妇女节来临之际，金滏山时尚餐厅为所有女士行使主权，xxxx年x月x日到店用餐女士均可享受每位xx元优惠，欢迎您的光临 ！
1,喜迎“三，八”林清轩x月x日首次推出双倍积分。芦荟三宝原价xxx现特价xxx限量共xx套x月份积分换大礼xxxx分兑换xxx元现金卷x
1,顺义新世界DHC--x/x日活动，xxx减xx.折后参加满额赠礼。xxxxxxxx.
1,多能贝贝全新制度改革，将更好地提高教学质量，于x月x日前报到的学员学校将免费送练功服。详情请到学校咨询！工作人员平时都在校上班！
1,武汉锦龙达卫浴即日开始营业
1,三月八日，超俗脱凡。妇女儿童，喜气连连。洗衣做饭，男士全办。吃喝玩耍，难得清闲。天天如此，胜似神仙。     皇朝娱乐会所 抢座电话x
1,求购二手车一辆，一万内的，最好是夏利，有意出售的朋友联系我，谢谢！??xxxxxxxxxxx
1,深圳农行xxx xxx xxxx xxxxxx xxx王艳春
1,闹元宵节迎“女王”节 ，x.x日-x.x日全场新品春夏装满xxx元立减xx元，部分商品x折，活动期间会员进店便获得玫瑰一支！限时活动，
1,先生您好！我是刚联系您的上海关镇铨装饰唐兰，本周六起凡进店咨询的前xxx名客户即送抽奖券一张，并当场免费参与抽奖！同时前xx名交定金客
1,xx平的三居。首付xx万起、精装修准現房。销售中心地址：房山区长阳环岛东行xxxm右拐即是，地铁房山线篱笆房站下就是。金域公园置业
1,姐姐你好我是解放碑紫荆服饰的妹妹 现在我们做x'x节日活动!全场一半的货品x'x折!还上了很多新款哟
1,荣泰驾校对老学员的回馈活动从今天开始！！！ 现在介绍你的家人，同学或朋友来我们荣泰可享最低价格优惠。 本地xxxx元！！ 外地xxxx
1,xx魅力女人节，为回馈广大女同胞，金包银内衣保山全体连锁店x一x号全场xx折，全年唯一一次打折，省钱就是赚钱，买到就是赚到！[微
1,尊敬的客户，移动公司大酬宾，由于您是移动老客户，只需预存xxx元就可得到xxx元话费，优惠力度之大前所未有，请您月底前预存！
1,阳东专业 诚信 低价 铁箱出售、冲床加工等xxxxxxxxxxx吴生 祝您和您的家人 新年大吉 身体健康
1,诚信x.xx约会春天！马可波罗瓷砖开年感恩巨献！下定享豪礼一份，全城抢爆款，缴全款再降x％！询：xxxxxxx大千建材市场【马可波罗小廖】
1,华丰驾校联合北国超市谈固店，喜迎三八女人节，活动期间，学车报名仅需xxxx元（本市），报名即送精美水晶杯，亲，快快来吧，详询：xxxx-xxxxxxxx xxxxxxxxxxx
1,感谢致电味来欢聚餐厅，在这您可以享受正宗口味湘菜，原汁原味，绿色健康！优质的服务，完美美食体验，地址：长沙县盼盼中路电力学校西南角。
1,我是尹默专柜董娟！大奥莱x.x节你就是女王！x.x当天尹默专柜x到x折商品满xxx送xxx现金券，现金券可买黄金，可买家电，可买Iph
1,尊敬的    ，您好！路易摩登陶瓷将于x月x号（正月十八）在店面举行开年第一站开门红活动，进店均有好礼送，更多惊喜等着您来拿。路易摩登陶瓷业务主管恭候您的光临，在此祝贺您元宵节快乐。店面地址：南山大道宝辉幸福城（四小对面）
1,您好！李阳疯狂英语恭祝您和您的家人元宵节快乐！本校xxxx春季培训班将于x月x日（本周六）正式开课，欢迎咨询报名，请相互转告，谢谢！
1,您好，我是大维装饰的家装顾问小黄，刚才和您通过电话，在周末我们将举办大型的活动，有精美礼品相送，还有公司十五年来的优秀获奖作品展示和相
1,各位，喜爱伊芙丽的亲们！为了迎接三月元宵节及淑女节的到来，伊芙丽隆重推出“特惠月”—春装部分商品x～x折！只要您当天新款达到xxxx元
1,xxxxxxxxxxxxxxxxxxx张等珺农业银行
1,尊貴的「金茂府」客戶，本週x.x日，將在本售樓處開放第一認籌活動，此次活動只針對Vip客戶「認籌開盤當天可享受優惠，並且x.x日有x重
1,x米长的两条。一条内容：湟中蒙娜丽莎新春特惠火热订购中。第二条内容：本店特推出特价婚纱照、宝宝照、写真、全家福！
1,亲爱的新老顾客:紫公主化妆品东胜专卖店x月x日“放血”大酬宾啦！！！x、转发此信息到朋友圈的均可免费领取价值xx元面膜一份；x、凡活动
1,"老公，这个活动好不：中国移动""和家""宽带重磅来袭！促销期内每月仅需xx元，享xxx元九大福利：x、xxM光纤宽带无限时；x、免有线电视"
1,喜迎三八，果蔬堂特惠，为了答谢新老顾客，三八节活动期间优惠多多，多买多送，送完为止，详情请进店咨询，活动时间x月x日~x月xx日
1,尊敬的顾客，最真心的祝福只对您说，普丽缇莎祝您女人节快乐！即日起至x月x日到店可获得神秘礼品一份，更有您的专属优惠活动！美丽热线：xx
1,场正价货品x件内x折优惠，请在本月x号前进店选购，过期作废本次机会了喔。ALT全体员工恭候您的光临
1,亲爱的新老顾客 您们好 在x.x节来临之际 焦.娇美人特推出x大惊喜 回馈新老顾客 欢迎进店购买体验 活动时间x.x—x.xx
1,升旺袜厂祝你元宵节快乐，财源滚滚来。主营花边袜、童裤义乌国际商贸城xx号门xx街xxxxx店面电话xxxx--xxxxxxxx。 xx
1,急急急！！！鸿翔花园x座xxBxx，住宅：xx.xx平，张xxxxxxxxxxx，工行喜年二手，刁经理xxx-xxxx-xxxx，出报
1,护有限公司    主营业务：医疗养老康护进出口  x万／股，资溪公司x干股认购   祝你和家人羊年吉祥如意、健康长寿幸福、事业兴旺发达
1,各位亲过年好!我们农商行近期承销xx年第一期国债，具体分x年和x年期，利率分别x%和x.xx%，额度有限，现在可以提前预约了。如您感
1,你好姐，我家x.x节有活动，部分商品x折，有时间可以来看看，活动到x.x截止。同时祝你元宵节快乐
1,xxxxxxxxxxxxxxxxxxx 张文凤。农行
1,欢迎致电【恒大海上半岛】！首付x万起，最高送xx万精装，还读大目湾名校！xx-xxx平方海景温泉精装豪宅！开盘在即，惊喜不断！xxxx
1,邹区泰富za专柜满xx减x.x，还有买x送x活动，折后最低xx折，赠品丰富，机会难得，不容错过！
1,多伦欧派橱柜开门红，工厂直销xxxx元！橱柜限购x套！店内咨询！
1,女人自己的节日，要选对礼物宠爱自己，佳汇迪赛现特推出春秋冬一件x折，x件x折的优惠活动。货品有限，期待您的光临！还剩x天啦到x月x号为止。
1,好消息：为答谢新老顾客对我们店开业以来一直的关照与支持，我店决定元宵节、妇女节当天（x月x日、x月x日两天）买一送一，还有各种优惠
1,绿城百合花园娄纯镇提醒您，Bx号楼本周六开盘，A、B、G、F等（xxx-xxx平）户型，当天直签最大享受x万优惠。小娄xxxxxxxxxxx
1,xxxx一平米！首付只需一成，送户口，送装修，送学位，再送车位。看房免费接送！沈涛xxxxxxxxxxx
1,老板你好，我是上海纵钧建筑装饰工程有限公司的小王，本公司有电动吊蓝，移动脚手架，钢管租赁，如需要请与我联系，电话号是xxxxxxxxxxx
1,东郊法院安居卓吉花园四栋二单元，xxx平米，，精装、三室一厅一厨二卫，彩光好，月租xxxx元，联系电话xxxxxxxxxxx
1,#NAME?
1,资生堂石路新苏店年度大回馈！妇女节x月x-x日满xxx立减xxx，满xxxx送悦微五件套，xxxx送百优三件套，xxxx送时光硫离三件
1,亲爱的，春节接近尾声，佛兰国际美容师佳佳跟您道一句新春快乐，拜个晚年，马上要迎来三八节，我们公司x月x、x、x号三天有特优惠活动，惊喜
1,北京金三优装饰沧州分公司: 有着专业的施工队伍，一流的设计理念，套餐与清工的完美结合.也是沧州唯一一家和业主签约环保协议五大保障所有主材基础工程终身维修，放心入住无后顾之忧！金三优装饰 刘霞期待您的光临。公司地址:浮阳南大道阳光国际商业楼四层老水专大学对面，沧州眼科医院往南xx米。电话：xxxxxxxxxxx
1,尊贵的贵宾      金郎名店三周年年庆！感谢您多年来的支持！即日起全场商品x折起！指定商品xxx元x件，三季度一次大优惠请勿错过，错过再等三年欢迎您前来选购，活动时间：至x月xx日止和平金郎名店               祝君商祺
1,您好！感谢您对智琦锁业的支持，我部富士樱花三节滑轨小五金，锁具，品质好！价格优！销售快！ 财富热线xxx-xxxxxxxx xxxxx
1,海城畅想旅行社（王咏 电话：xxxxxxx）祝您元宵节快乐！特价游 北京四日游xxx元 港澳八日游免费 阜新玛瑙宝石城一日游免费
1,黄石状元教育艺术生文化课精品小班x月x日上午x点开课了，一线名师，精编教材，直通名校！欢迎来试听，详情请咨询xxxxxxxxxxx张老师。
1,金聚KTV劲爆消息/一律免房费 公司消费你来作主 豪华包间xxx元配送啤酒x打 酒水低至xxx元x打全场买一送一  凡是到金聚过生日的
1,大盘，高层xx-xxx平米，三房设计，超大赠送，花园洋房xx—xxx平米，项目首次开盘。全城预约，认筹xxxx可享xxxxx的优惠，欢
1,<xxx xxxx xxxx>
1,钜！惠！来！袭！仙桃冠军联盟祝您新年快乐，阖家欢乐！冠军联盟“三月装修，来此足够”将于x月xx日xx:xx在天诚国际大酒店隆重举行！现
1,您好，我是天天木门的，百年天天木门x
1,老板您们好！今日立白公司于顺通酒店三楼请客户吃饭，超威蚊香订货会优惠大大，另到席前三十名额外有礼品相送，欢迎光临！带上请帖可领礼品，x
1,嫒祥美容院的小潘为答谢姐妹多年的照顾！在三八节到来之即！凡购买第一套产品为x折优惠！第二套产品为x折优惠！第三套x.x折优惠！仅限三套
1,，一起赏花去。健康是自己的，福利是雪联送给你的！原价xxx元的防癌x项检测自通过中投全球补贴后只需要xxx元，防癌xx项检测原价xxx
1,xxxx】注:本次活动已通过互联网公证处审批
1,金羊送福，喜迎元宵，本司特推出为期七天的酬宾活动，凡于x/x-x/xx签单五万元以上的客户在原有奖励基础上加送一百元购物卡一张，以此类
1,楚雄电视台x.xx家具，建材，家装团购会。由州工商局，质量技术监督局当场监督。x元购瓷砖，x元购墙纸，x.x每米的窗帘。你只要凭VIP
1,你好，我是房东，今天有事来不了
1,季候风全场x.x折
1,城市领袖，您好！我是丽兹行房产公司的李春亮，提前祝您元宵节快乐！明天万科集团做元宵感恩特惠活动，《万科如园》在本次活动推出几套特价房，
1,各位顾客您们好，妇女节炔乐。我是矾山澳亚化妆城，活动期间，购东洋之花满xxx元送xx元，满xxx元送xx元，满xxx元送xxx元的产品，日用品满xx元送香皂x块满xx送华丽斯洗发水xxx克x瓶。时间xxxx年x月x至xx日，地址矾山澳亚化妆城
1,亲爱的新的一年事事如意！了月劲爆促销订xxxx元有xxxx产品，还有试用小套出们用很方便，还有三八妇女节日有礼活动！爱你玫琳凯经销商周文艳
1,您好、上海东方泵业集团张广新为您提供服务！水泵、阀门、空压机、发电机、换热器等机电产品！顺祝商祺！
1,"奥丝蓝黛与您相约三八""女神节""！优惠x:奥丝蓝黛全场满百减xx元现金，以此类推。优惠x:所有新老顾客只要加入我的微信留下电话号码和出生"
1,更有新春特价房限量发售，欢迎光临品鉴。项目地址：东荆大道与马昌垸路交汇处海韵*丽景园中央广场。电话xxxxx
1,美女，我是佰味女人芙蕾雅店，x.x之际，老卡换新卡，并赠送xxx元积分，特推出满xxx送xxx元活动。
1,被告：马春玲【北京市人民法院通知书】您已被中央电视台《我要上春晚》栏目组起诉
1,您好，我这边是大拇指教育，地址是盐盘万翁公路xx号，盐盘小学往车站方向走xxx米，学校开设英语，数学，作文，作业辅导，有问题可来电咨询
1,感谢致电凤荣油漆玻璃总汇，本公司专业生产销售立邦、普洛斯等各类油漆，敬请您的来电咨询及上门洽谈。
1,诺贝尔磁砖：全民疯投、玩转x??折，x.xx品质钜惠盛典如期而至，更多惊艳产品，期待您进店咨询！京山易安居诺贝尔磁砖店
1,会强势来袭！！[鼓掌][鼓掌]超豪华明星阵容，超越任何同等级庆典阵容:音乐才子【周杰伦】！哇，亚洲舞后【蔡依林】！哇，“小太阳，何以琛”【钟汉良】！KING【谢霆锋】！【中国好声音学歌手】！…[疯了][疯了][色][色]你想在深圳湾中心与如此豪华阵容巨星零距离相接触吗？[玫瑰]想把超级豪华跑车玛莎拉蒂和奔驰跑车轻松开回家吗？[玫瑰]想聆听世界级激励家无腿超人【约翰.库缇斯】的高超能量分享吗？想见证至少三个【全国顶级连锁美容院总裁】如何创造奇迹的吗？[玫瑰]想拥有xxxx元折后【原装进口怡海施干细胞产品】享受肌肤年轻蜕变吗？[玫瑰]现在！！仅需xxxx元，实现你梦寐以求的所有追求！还有免费超五星级酒店服务，豪华双飞游！来吧，来吧，如此疯逛力度，您还犹豫什么了？[爱情]x月xx日瑞士怡海施联合卡连弗集团万人巨星演唱会我们不见不散
1,你好，屈臣氏白金女士男士护肤品三件以上x.x折，同时还参与全场x.x的活动，活动到x月x号结束！x月x号白金面膜抢货架［xx两盒］，就
1,我们阿利坦·银河湾项目在x月x号-x月x号期间会有喜迎元宵节派送汤圆活动，即到即送；凡在活动期间购房者，都有机会参与抽大奖活动，欢迎您
1,嘉善德邦物流代收货款业务xx小时到账，整车x.x米-xx.x米货车全国安全保障运输，零担业务通达全国；详情致电xxxxxxxx/xx/xx
1,爱生活，享优惠！拨xxx，可查询并下载市内餐饮娱乐代金券、折扣券、特价券等优惠信息。凭手机短信至各门店即可享受各类优惠。[多宝电信分局]
1,您好老师，我是城市人家装饰公司的小于。明天下午在大家之家商务宾馆征集春节样板间，前xx名客户最高让利xx%！地址：大家之家商务宾馆下午
1,您好，我是北大资源的置业顾问刘勃。今天是开年以来第一周，我们推出了几套特惠房源，仅限今明两天，不知您今天是否有时间来参观。联系电话xx
1,亲爱的  昆明王府井资生堂妇女节活动x月x日至x月x日 满xxx返xx元全场通用券；及资生堂巨大力度的满赠，数量有限送完即止。本
1,您好，我是湖北点拨课堂杨老师，这边是专门提供在职老师上门一对一辅导的，地址，洪山区光谷银座xxxx，您要是有这个需求可以随时与我们联系喔
1,翰林辅导班开始报名中，小饭桌＋晚辅导，免费接送、价格优惠，欢迎前来报名…刘老师。
1,欢迎您致电林记冻品店
1,喜迎“三八”国际妇女节，大华.清水伊人联合维嘉斯厂家公司共同“迎三八，选五折”，凡属公司会员x月x号当天到店可免费领取一片价值xxx元
1,特大喜讯：为庆祝新球娱乐投资公司旗下的博兰泽大公馆KTV成立x周年，特推出特价酒水xx/支！详情致电:xxxxxxxxxxx经理：阿花
1,空港国际有房出租或者出售的请联系靖江春艳房产小李xxxxxxxxxxx，小姜xxxxxxxxxxx
1,学生家长您好，新学达作业辅导x月x日开班了，请学生及家长提前报名。收费xxx元。专车免费接送。报名电话：xxxxxxxxxxx
1,云南林昊建材有限公司，感谢您的来电，我们将竭诚为您服务！专业陶瓷产品，昆明大量库存现货，《监督人：林清波xxxxxxxxxxx》（挂机短信）
1,你好，你那里有妹妹服务吗？包夜不限次数的，自己带价格，地址，还是上门。。。。不方便打电话。望快回。谢谢。。
1,亲爱的 感谢您 选择友谊商城 三楼 KODICE品牌 特此女人节期间 感恩回馈顾客  全场xx年商品 x折  xx年新品x折 进店消费
1,【印象城】地标级城市综合体。雄踞吉州大道中轴，新一中、思源学校名校在旁。世界零售xxx强巨头大润发耀世登临！xxx-xxx平米全明改善
1,先生新年好呀！好莱客衣柜上市啦，为了庆祝好莱客上市，现零甲醛释放原态板钜惠一万送六千，进店就有礼品，下定有砸金蛋等游戏，xxx%中奖
1,您好，我是唐山朗威进出口贸易有限公司的李亚超，主营津西H型钢和工角槽钢，电话xxxxxxxxxxx，xxxx-xxxxxxx/xxxxxxx
1,你好！我们是好家居联盟的，在x月x号中午xx:xx在千禧唐宫有大型活动，参与品牌大信橱、宏宇陶瓷、新豪轩木门
1,本公司招兼职会计请与我联系每天早x:xx到xx:xx都可以正规单位，保障无忧。有兴趣速联系
1,新年到，新气象，新环境，新技师，娜娜沙疗养馆，金色夏威夷小憩驿站酒店进门xx楼。欢迎群友来体验，缓解疲劳手法理疗亚健康，预约xxxxx
1,您好  女士  我是刚才给你打电话的小刘      给您推荐xx元变xxxx元 家居建材品牌联盟活动 凭一张xx元祈福卡 可享受店面最低折扣基础上 享受每满xxxx元立减xxx元现金 还可领取外币红包一个xxxx到xxxx元 联盟品牌有：蒙娜丽莎瓷砖、 福宝京华橱柜 、史丹利衣柜、 慕思xD寝具 、顾家沙发 、奥普照明  、林内燃气热水器、 欧派壁纸      我们的店面地址在红星方北商场x号馆三层西厅扶梯口     慕思xxxx展位 祝元宵节快乐
1,您好，纽泽装饰于x月xx日下午x:xx在锦江之星（顶好电子城对面）举行花语馨苑户型解析专场讲座，活动现场优惠多多，礼物多多，还有激动人心的抽奖活动，真诚地邀请您参加纽泽装饰公司的这场活动。如果您对这场活动有兴趣，可以来公司领一张入场券，凭入场券可以兑换精美礼品一份。 联系人:王充 联系电话:xxxxxxxxxxx 地址:二大街北内街c座xxx纽泽装饰公司。
1,短信内容：美妆节最后一天疯抢，x.x折起再满xxx减xxx！ vip.com 百万新品突破低价，快加入火拼！回TD退订【唯品会】.
1,工行：xxxxxxxxxxxxxxxxxxx何莉君
1,你好！司派罗静安店文胸全场x折今天开始，还有许多新品特价了我单号上班，等你来噢！小李
1,些都不算惊喜，还有更大的惊喜，购女装，女鞋，女包满xxxx送xxx，没有上限哦，买多送多，你还在等什么呢？快来工贸阿玛施找我吧！彬彬期
1,快点行动起来，苗芳清颜x.x号优惠大放送啦，还在为痘痘烦恼又担心价格吗，趁今天来就对了，绝对捡到宝啦！！活动x
1,中国联通“挂机短信”业务是您企业宣传的好帮手！手机用户拨打您的固话，挂机后将收到宣传短信。发送号码为您的固话。详询xxxxxxx
1,霞浦县银丰贸易有限公司，以人为本，诚信经营：着重代客户银行还款，汽车典当，项目合作，手续便捷，欢迎咨询。联系电话：xxxx-xxxxx
1,亲爱的会员您好：浩洲健身：x????x??号活动，xxxx加三百买一年送一年，就是两年健身游泳，xxxx三年健身游泳，加三百就是再加三
1,姐您好，我是刚与您通过电话的小徐。我店位于兴国路与五指峰路交叉口（中海国际社区A xx店面）。活动时间为x月x号，全场x.x折，限时特
1,尊敬的VIP您好，莱特妮丝沃尔玛店全体员工祝您元宵节快乐！    全年最优惠活动，三八节，低至x.x折起，或买x送x，买x送x，买x送
1,海尔整体厨房恭祝您元宵节快乐，海尔厨房:xxx活动强势来袭，橱柜套餐/超值衣柜/惊爆电器，优惠多多 ，礼品多多 ，先到先得。咨询电话:
1,通知：保诚美术中考美术冲刺班由南艺、宁海老师主教，十人一班，单独辅导，随到随学，每周五晚，周六周日全天开课，地址：珠江路新世界中心B座
1,.女人节.华耐棉鞋最后一次大清仓xx-xxx元新款单鞋x折部分xx元活动时间x月x号至x号.地址：虹桥南路xx号电话：xxxxxxxx
1,亲爱的顾客，您好。我是尚戏美业的xx号美容师图图。本店即将在近期几日盛大开业。开业期间会推出一年一次的大力度会员充值赠送活动。无
1,本公司出售手机电话充值卡，零售买年卡花xxx元送xxxx元话费，话费一次性到账，零售买半年充值卡花xxx元送xxxx元话费，零售买季度
1,【安溪一汽奔腾】新春大回馈！元宵节xxxx年x月x号豪华轿车团购价，Bxx优惠xxxxx礼包，BxxXxx赠送xxxx大礼包。更有Bx
1,爱无季名品特惠店春季新款到店！全场商品x-x折！欢迎您前来选购！爱无季全体员工祝您新年快乐！万事如意！
1,您好：我是中银消费信贷部小王.信贷产品.无抵押无担保.月息x厘.手续简便.联系电话：xxxxxxxxxxx.xxxxxxxxxxx
1,各位家长，本学期美术课程报名已经开始，课程分为美术基础简笔，大师色彩临摹，基础速写，素描，色彩。可发短信或者电话参与报名！ 本学期于x
1,【学海教.育】个性化教.育第一品牌，一线教师根据学生学习情况，制*订适合的教学方案，查漏补缺。电话：xxxxxxx xxxxxxx
1,好消息：本公司现处理一批平板车，零九年，一零年，一一年的都有，车况良好，价格给钱就卖！二手车，承载的是重托，追求的是品质，圆您梦想，力争最优，如有需要欢迎致电：xxxxxxxxxxx，随时期待与您的合作！<河南三超货物运输有限公司>
1,客户我店将举行一场开年盛宴，全场超低折扣，多款工厂直供价。详询可拨打我的电话：xxxxxxxxxxx??
1,亲你好 瑞色养生馆为达谢老顾客对本店长期以来的支持三月八号优惠一天 圣蜜莱雅产品全部半价 瑞色产品卖一瓶送一瓶 望顾客抓住机会仅此一天
1,店，看山靠海环境超漂亮， 加入会员可在香港、三亚等全国xx家五星级酒店享受一整年不限次数用餐x.x折住房八折赠送  免费住房一晚含双
1,敬爱的老师，您好！我是台湾凯撒莱雅张妍，转眼到了年底，相信您也做好了新的一年规划。然而，老师，您知道所有规划的基础是什么吗？对，是客流！客流是一切的根本，是美容院的生命线！丈量一下，您会所的生命线够长够强悍吗？xxx多平美容院客流每天xx人您想拥有吗？居家产品全部自然返单您做到了吗？客人流失率为零您见过吗？是的！我们做到了，眼见为实，xxxx年x月x日【天津】即将举办【店基础*客基数】发布会，让您亲眼所见，亲自聆听运作精髓！由创始人台湾郭智能教授亲临主讲。特别难得的机会，因会场席位有限，限xx人，请提前报名参加！报名电话：xxxxxxxxxxx，张妍敬上
1,愉快！同时在x月内可享受一次x折优惠噢！现以上部分春装，欢迎到店审款啦！
1,凯华大厦xx楼   分公司在河西奥克斯广场，x栋A座十楼。年终优惠:全包模式，装修款打x折，两房x万x，三房x万x，四房x.x万元。
1,铝材厂家让利锦绣城封阳台！永鑫门窗厂联合凤铝等四家知名铝型材厂商对方锦绣城进行新年订购特惠！电话：xxxxxxxxxxx黄【永鑫门窗厂】
1,尊敬的客户，欢迎登录中国电信网上营业厅（www.xxx.cn），享受充值交费、费用/积分查询、宽带新装/续包等服务。如您在使用上有任何
1,哗、xxxx年、“第一场佛山团购活动正式启动了”就在这x月xx号、三乡萨米萨陶瓷佛山工厂团购、xxxxx平方的豪华展示厅、款式多、价格
1,x、x节为回馈新老顾客本店应公司要求决定于x月x号至x月x号期间彩妆护肤单品一律x、x折优惠，部分套盒x、x折！面膜买一送一，至少半盒
1,x/x-x/xxSHISEIDO永安百货春季化妆节开始啦，x/x-x/x资生堂双倍积分，x/x-x/x日购任意产品均享x折还有双倍积分
1,三星驾校庆元宵，特推出优惠活动：报名费xxxx元，且在x月x日—x日报名者赠油一箱   联系人：成士海    手机号：xxxxxxxxxxx
1,xxxx xxxx xxxx xxxx xxx 肖秋英 建行
1,广东伟达铜业欢迎您的来电，我司是一家专业生产各种规格无氧铜，低氧铜，铜镀铜，并承接各种规格绞股铜的企业，欢迎参观，洽谈
1,工商银行卡号，xxxxxxxxxxxxxxxxxxx
1,，急需用钱的客户可以跟我联系！          公务员，医生，老师，事业单位最低x.xx%，精英，按揭房，全款房，按揭车，商业贷都可
1,尊敬的会员您好：红粉美妆火热活动进行中，时间x月x、x、x号！为了庆祝属于我们女人的专属节日《三八妇女节》红粉美妆买xxx送xx的优惠
1,［东风悦达起亚射阳亚尊xS店］“亚尊感恩，进店有礼”！尊敬的东风悦达起亚客户:您好！服务顾问王园月联系电话:xxxxxxxxxxx；售
1,采轩专厅元宵三八距惠，为回馈老顾客凭短信可享受一次x.x折优惠，活动时间x月x日一x日，（春款除外）
1,红妃减肥养生会提醒你-给我x分钟，让你享瘦身材，享瘦人生！瘦身约定——皮下抑脂术：快速减出女人小蛮腰，男人大肚腩！xxxxxxxxxxx
1,您好！我是龙工压路机售后服务小郭。我们提供原厂配件，上门维修服务。小型龙工装载机和大小龙工压路机。在此祝您元宵节快乐！身体健康！生意兴隆！如果您有什么需要可以拨打我的电话：xxxxxxxxxxx
1,大红鹰娱乐场!惘上-博采!老-品-牌!信-謍-好!佰#佳#樂!体￥育!龍*唬*斗!...详 情 登 入:dhyxx.℃○Μ
1,一、工行  xxxxxx  xxxx  xxxx  xxxxx  陈志良
1,亲爱的姐姐： xxxx年x月x日-x月x日 ，NEXY.CO开展“美丽相伴“蔲 LADYa ”回馈活动，届时至NEXY.CO店柜购满x
1,尊敬的顾客您好，恒洁卫浴x.xx“发钱啦”大型活动已经启动，各种特价马上抢，冰价马桶xxx数量有限，预购从速！详情请咨询恒洁卫浴小苗！
1,您好，荣济堂镇内所有门店于x月x日-x月x日举行“做美丽女人 炫靓丽人生”大型主题活动。我们精心设计挑选了很多适合您的产品，欢迎进店咨询选购
1,“牌”忧解难，尽在“棋”中，米兰风尚城市酒店棋牌室欢迎您！订房电话：xxxxxxxx，棋牌热线：xxxxxxxx。
1,感谢致电万峰石材，地址：株洲石峰建材市场，主营：石材销售，电话：xxxxxxxxxxx，欢迎您的光临！
1,xxx赠送悦薇x件套中样，满xxxx加送x件套中样和化妆包，满xxxx加送时光琉璃x件套加时尚拎包。记得找小周。更有超值套装活动，期待
1,您好！欢迎致电川中意货运有限公司，本公司承接成都至恩施，武汉至恩施及周边县市，覆射全国各地的整车、零担往返运输业务。我们以“信誉第一，
1,，扮靓半边天，实惠天天见，好女人邀您约惠女人节，活动时间x月x日—x日，活动期间持会员卡可领取节日礼品一份，欢迎您的光临！
1,【成都电视快乐验房】携手四川标筑装饰于x月x日到x日，征集【海伦堡花园】电视样板间活动，xxx㎡只需xxxxx元精品整装一口价=客厅品
1,亲!:回来了吗，周四来护理伐，这次x月x日、x日两天x.x折，满xxxx送花蜜礼包，商场还有赠品，看看还需要配些什么。
1,您好。我是富佳手板胡生。我们专业手板制作xx年。质量好。货期准。价格低。。有问题永远免费服务。。如果有手板制作请联系我。。
1,亲，听说了吗？只要在银行有过信用记录，凭身份证也可申请代/款了，利/息最低x厘，当天可拿钱，融/资专家xxxxxxxxxxx【余经理】
1,x.x女神节秋水伊人送惊喜啦！[鼓掌][鼓掌][鼓掌]x号至x号秋水伊人xx年春装全场x.x折，VIP折上折，xx年经典春装x折哦！这
1,亲们： 卡莱曼菲折扣女装在“三八”节到来之际祝姐妹们节日快乐！卡莱全场冬装
1,动性、高收益！资金申购赎回超方便！ [玫瑰]背靠上千亿资金管理规模支持，品质安全有保障！详情请咨询您的专属理财师：中融阿秋xxxxxx
1,：商户及企业贷款：放贷额度x-xxx万，凭本人有效证件、企业法人营业执照、税务登记证、机构代码证等 申请办理。
1,蔓宸进口生活馆邀您共度三八节:x、洗涤、洗护和美肤系列满xxx立减xx；x、消费满xxx元即可参加抽奖。活动时间:x月x日~x月x日。
1,尊敬的家长您好！春季同步课程班已经开始报名了！正式开课时间为x月xx日（初二，初三物理课是x月x日开课）！欢迎家长前来咨询报名！
1,家长，您好！麦田教育第三分校《江北分校》x月x日盛大开业！ 开业大酬宾：x元学作文、x元学口才（仅限抢报的前xx名）特大抽奖活动！ 友
1,您好！感谢致电在水一方冷锅鱼，主营：云和县紧水滩水库有机鱼、各类广式茶点、迷踪蟹、火锅及各类营养汤锅、川香特色小吃。欢迎品鉴！订餐热线
1,为感谢您对爱玛电动车的厚爱，本店从x月x号起至x月xx号，凡购爱玛电动车的老客户带新客户每购一辆凭此手机短信返现金xx元、多带多得。本
1,大哥你好，小弟是园区星湖街东方永利娱乐会所的经理小弟叫大熊，全场无底消，酒水优惠，美女也非常热情主动，所以希望您有朋友聚会，有客户，可
1,x.x节到了！美雅美店全场品牌文胸束身衣满xxx元即送xx元现金，满xxx元送xx元，以此类推！[微笑][微笑][微笑][微笑]还
1,城南园丁园对面面积三百五十平米，现做小商场八年合同，租金每平米十元，三月一交，门面地板高档装修，转让费用xx万，当时转让二十万，装修十
1,欢迎致电【武汉市老大发搬家起重有限公司】！我们将竭诚为您服务，祝您搬家大发，万事如意！直拨专线：周师傅xxxxxxxxxxx
1,各位家长:新年好!新学期课后作业辅导(半托、全托)，已开始报名缴费。半托:xxxx元，全托:xxxx元。为了便于名额的统计，请各位及时
1,信江源商贸感谢您的来电，我们将竭诚为您服务！本店主营酒水饮料方便面批发地址：地址：新广丰B区xx-x号联系电话：xxxxxxxxxxx
1,看央视广告，汇中送大礼”活动。在活动期间，客户观看央视汇中广告进行投资理财，可获如下奖励：xx万至xx万，送xxx元购物卡。xx万以上
1,感谢您致电上海仙居铜艺装饰制品有限公司，本公司主营专业制作铜门，铜雕不锈钢仿古铜、腐蚀贴金、现场铜门翻新，欢迎您再次来电垂询！【上海仙
1,襄阳新五中旁【乐活城】，绝版现房【现买现住】，xx平一口价xxxx元/平米，xxx平一口价xxxx元/平米，火爆限量抢购中xxxxxx
1,"北京法加贝化妆品公司迎“x月x日女人节""的到来，开展赠送活动，活动期间购货随机赠送礼品。活动内容:一、购货额满xxxx元，送x盒(眼"
1,好消息，好消息，无需担保，无需抵押，无任何费用，利率最低。贷款联系电话：xxxxxxxxxxx微信xxxxx
1,本网点限量抢售高现价保险产品，既送保障又高收益!两年期年化收益率高达x.xx%，三年期年化收益率高达x%，高于他行存款收益!欢迎抢购!
1,心窝，进店就送现金，现场砸金蛋，xxx%中奖，更多惊喜等着您！恭祝您家庭事业火火火！详询：友邦吊顶曼曼xxxxxxxxxxx和xxxx
1,姐我是莱特尼丝小丽，这不x.x活动店里文胸xx元起，调整的大大的折扣八折特优惠
1,正泰品生木业、地板、木门、整装定制x月x日至x月xx日特大优惠酬宾。活动地址:眉山红星路xxx号。
1,您好！我是河北德冠公司王先生，我司产品年收益在xx%-xx%，保本保息，没有封闭期，随时可支取，诚邀您到公司了解，地址万达广场万达公馆
1,站式服务！紧邻圭塘河风光带，尽享大自然风！现实行xx平米精装公寓和精装住宅【免息x首付】绝对实实在在给您优惠。项目地址位于：万家丽路与
1,您好！我是兴业银行理财经理小姜，我行近期推出一款高收益理财产品：xxx万起一年期预期收益率x.x%，如有兴趣欢迎联系我！
1,海淀百旺府，xxx平精饰x居降价急售xxx万，观山临地铁，直升清华附中，满五年唯一，转手即赚的价格，麦田房产朱兆琳xxxxxxxxxxx
1,【招聘精英】： 邀请您加入中国平安优才计划[奋斗]。 薪资待遇大幅提升： xxxx元津贴+提成+奖金+保险+旅游+培训… 如您或您身边
1,欢迎成为公海赌船会 员，官方网址：xxxx.com;线路检测中心：xxxxxx.com xxxxx
1,贵州黎平生望国际家居、建材城x.x万方商业招商全面启动.家具.陶瓷.地板.门业.厨卫.电器.吊顶.灯饰.墙漆.壁纸.一律签五年合同
1,热烈招商 由于兴旺市场升级改造成功现全面招商。免赞助？免租？地址：水荫路直街xx号兴旺农贸市场 更多优惠请联络面谈 联系人： xxxx
1,昕珆日化x月特价品牌:温碧泉品牌特价精油全部x折！请有需要的顾客来店(电)咨询和购买！地址:一中河边上xx号门面
1,欢迎致电鑫宏达超市
1,您好，美乐乐x.xx盛大优惠，力度空前，购物满五千即可享受五包到家，现金满减，超低折扣让利，还有新春红包发放，更有机会抽取万元大奖。美乐乐李碧佳期待您再次光临，详情咨询xxxxxxxxxxx或本人工作qq：xxxxxxxxxx。【美乐乐-家居电商第一品牌竭诚为您服务】
1,欢迎致电合易盛汽贸，公司专业代购各种品牌新车，提供垫资，贷款，上牌，保险，二手车置换，代售，抵押，过户，年审等。详询xxxxxxx
1,诺贝尔“xxx好品质 阳春惠风行”，主打品质季活动到了！！！全场正价产品x.x折基础上再直降，更有xxxx元升值为xxxx元的套餐大优
1,天赐法国原装进口积姬仙奴x.x—x.x在天赐A馆做品牌推广，有需要的亲们可以到店咨询哈。一年一度的最优惠活动，仅此一次，名额有限，
1,各位学生家长新年好：中华艺术培训部春季招生即日起开始报名了！本周末正式上课。各科课程安排为：每周六上硬毛笔书法创意思维绘画卡通画和口才
1,国际网[Www.xxxxx.Cc].存.[xxx]送[xxx]哦!.佰嘉乐.体育賽事.期待您来参与哦!
1,感谢致电巴黎印象第三季孝感客厅！鼎级商圈，墅质生活，尊贵之城，诚邀品鉴，孝感客厅真诚期待您的光临，品鉴热线：xxxxxxx[孝感客厅]
1,您好。深度装饰公司给您拜年了。x月x号现场活动，八重惊喜、八重优惠，进门就有礼，更有机会赢取iPhonex  ipad  金条xx寸液
1,布会盛大来袭！大会诚邀xx大建材家居品牌魅力巨献，全年最低价，定购品牌家居建材消费满额立返百万现金再送千枚红包；下单有惊喜，xxx台品
1,莱特妮丝x.x女人节昭告全城，好身材穿出来，经典保养款xxx元起，闺蜜团买的多送的多，送多少，由自己决定。时间x月x号-xx号。我们期
1,三八女人节逆袭，活动期间时段秒杀至x，x折…购买即可赠xxx-xxxx元产品，更有xxxx元红包等您来抢，xxlx让您任性一回，您还在
1,团购会，即日起开始进行团购预约，凡美锐家人内购康美三七粉均可有礼，买康美三七粉一瓶即可赠送康美红枣一瓶，多买多赠。亲：赶紧行动哟！为她
1,圣象xx周年庆感恩回馈老客户，x月x到x月xx老客户到店可享受地板免费保养一次，凡下单客户，满xxxx元以上可获得抽红包，铺装实木可赠
1,x月x一xx号到店就可以获得胸部保养、荷尔蒙液下淋巴排毒、荷尔蒙腹股沟排毒（任选一项）更多惊喜连连，我们期待您的光临！！！美丽热线:
1,亲爱的姐您好：我是抚琴JZ玖姿的芳芳，春装新款已上柜，邀请到店看看，x月x-x号满一定金额赠玖姿定制精美礼品哟！，祝天天开心！
1,为迎接三八国际劳动妇女节，博艾堂养生服务中心特别推出“关爱女性，关注健康”大型优惠活动，内容如下: x月x日至xx日所有进店调理的女性朋友，均可享受免费的乳腺调理或卵巢保养一次。欢迎众姐妹界时光临！地址:朝阳门底商xx号博艾堂！咨询电话:xxxxxxxxxxx.张然！
1,姐你好，我金阳国贸欧莱雅专柜陈芝，史上最大活动，xxx送xx，xxx送xxx，xxxx送xxx，并双倍积分，正价满xxx还加赠旅行七件
1,喜乐元宵节：中国移动推出存话费送xG双卡手机活动，最低xxx元起，（三星，小米，华为，）在送xxx元元宵大礼包，快来行动吧！地址
1,喜欢玫琳凯的朋友们好消息，三月玫琳凯上市三款新产品，两套限量护手和唇膏！快来工作室看看吧！ 三月促销——幻活新生 时光礼遇 ㈠单张订单
1,阳光上东单价x万x三居。美式组团xxx平南北通透三居，客厅和主卧朝南北，户型方正，送大储物间，看房联系:xxxxxxxxxxx
1,新年好，女人街依恋服饰已转让，所有商品以超低价出售，欢迎顾客朋友前来抢购，最后三天啦，赶快行动吧。
1,建行卡号：xxxxxxxxxxxxxxxxxxx赵飞翔
1,先生您好！元宵快乐～这边银行为您无抵押无担保信用贷款，手续简单、申请快速x--x天放款，随借随还～无任何手续费～如有资金需要请与我联系
1,你好，我威尔士维景小潘之前有联系过的。我们店刚装修新开业。对老会员续卡很优惠大概xxx之xxx一个月，还可以带十个家人朋友来免费体验一
1,好消息：华龙电器广阳店 即日起至x月xx号 预交xx元，活动期间x月xx至xx日购买美的空调挂机额外加送xxx元精致炒锅一套，购买柜机加送xxx元精美炒锅一套，外加价值xxx元的服务礼包一套（x次免费移机卡，两次免费清洗和延保两年）快来廊坊华龙广阳店抢购吧，热线：xxxxxxxxxxx
1,国画班。小班教学；材料全包；国外教学内容。x月xx号之前报名可享价值xx元手工课一节！地址：肥滨路x号。
1,皮阿诺橱柜大牌大动作 xxx直杀样板价！x元设计、价保全年！低至x.x折、更有xxxx免单大奖等您来拿！下定有礼、xxx%中奖哦！x年
1,嘉乐星城感谢您的致电！集士港卫星城中心。xx/xxx平花院美宅，以新加坡格调为蓝本，全方位打造xx万方亲水生活。加推xx.xx号楼，目
1,本店有棋盘井最低价的室外大型喷绘x元/平米，室内写真xx/平米，色带条幅x元/米，有意者请与我联系，电话:xxxxxxxxxxx
1,亲爱的会员，大丰大润发自然堂专柜现有活动满xxx元立减xx元，更有套盒x折优惠，欢迎选购
1,亲，理肤泉x楼天山百盛店，x月x，x，x号全场x·x折需要现金支付的哦，需要的亲赶快行动哦，全年最低活动，别错过。
1,祝您羊年大吉大利！大发洋财！元宵快乐！有需要河北河南螺纹线材盘罗圆钢随时联系哈！東榮东荣贸易张世萱xxxxxxxxxxx可加微信报价。敬业xxxx／xxx圆钢xxxx
1,您好！您在线预定的襄阳罗莱家纺原价xxxx元特价xxx元的四件套，即日起可以到店领取了。所剩数量有限，先到先得，领取截止时间x月x日
1,.我一定以最优惠的价格最好的服务质量维修速度给以贵校.附:出售全新原装进口品牌投影机展台电子白板音响欢迎来电咨询问价格，质量保证价格优
1,【JZ玖姿】优雅女人季，x.x～x.x号购满xxxx即可赠送“梦境之谜”项链一条，任意购x件即可送精致胸针哦！JZ玖姿
1,右，现金铺网独家团购交xxxxx可享xxxx元每平米，租金可达xxxx-xxxx元一月，动动手指，一个电话将为你省下xx万元，欢迎品鉴
1,你好，这里是安庆恒昌信贷公司，公司主营无担保，无抵押信用贷款，有需要请联系刘经理:xxx xxxx xxxx。
1,您好：这里是步步高百货三八女人节满xxx减xx，内衣区贝佳人专柜满xxx送xx元礼品，满xxx送xxx元礼品，x月x日晚上x点至x点半
1,肇庆市无担、保
1,南宁市又一天酒店按四星级标准设计装修，交通便利，客房配数字电视，免费宽带等设施，舒适典雅，是您商旅、休闲的理想选择，预定电话xxxxxxx
1,陈香普洱， x、景迈山青饼， 买一送一啦！！！ 数量有限， 售完即止！ 赶快到 城市广场「天福茗茶」抢购吧！
1,x.x女人节，东环芳芳化妆品全场特惠，折扣狂欢，全场第三件免单！防晒上市，面膜特惠。时间x.x-x.x日，热线：xxxxxxx
1,女人如花---三?八妇女节到来之际，为了回馈新老客户对本店一直以来的支持，韩国雅酷娥美容会所在x月份推出优惠活动
1,大年初六至十六，安华卫浴·瓷砖携手生活家·巴洛克地板举行开春建材精品团拜拜会，公司总部特批砀山礼金xxx万，砸金蛋，抽红包，敢来就敢送
1,xx年(山东会从），x次过，加qqxxxxxxxxx  电联xxxxxxxxxOx
1,您好！[孔府学堂]x至x年级春季班于x月x日（上午八点半）开课，xx人小班授课，晚自习辅导（每周一至周五），欢迎家长学生前来咨询报名。
1,尊敬的顾客：您好，我们这里是顺德区凤祥南路依梦专卖店，“季末大清仓，全场秋冬装低至x折起”的活动开始了
1,亲爱的小美新老顾客们好消息来啦！山水间建行旁的赛美瑞化妆品店三八女人节优惠活动开始啦！品牌折扣、买一送一、有满有送！更多优惠到店咨询！
1,您好：不超过xxx＃平方的户型基础装修不超过三万，不超过xxx＃平方基础装修不超过四万，打电话我带你去工地看看，展辰装饰公司（朱定香）。
1,经理您好，我是河北省沧州市牧疆南北农牧机械有限公司，专业生产自动化养猪设备，自动喂料系统，围栏，高标准产床和保育床，温控系统，及前期猪场规划设计，享有国家农机补贴，为您提供xx小时的售后服务！诚挚与您合作！ 网址:www.mjnb.net 地址：沧州市纸房头工业园区 电话:xxxx-xxxxxxx  xxxxxxx传真：xxxx_xxxxxxx 邮箱：xxxxxxxxxx@qq.com 业务经理：崔建军      电话：xxxxxxxxxxx               xxxxxxxxxxx，
1,"x.x-x.x＂Duang Duang""皇后给你不一样的精彩。九点半之前，啤酒买一箱送一箱，机会不容错过，过来玩的朋友，提前打电话订位哦。"
1,正月十五闹元宵 ，钓友羊年顺发发 ，中逵渔具送优惠，乐享垂钓酷爽爽！正月十五十六两天 ，凡购买鱼杆超xxxx元，送钓台一个，超xxxx
1,欢迎致电武汉车世界汽车服务有限公司
1,新年好！本店有各种收藏品出售和收购，欢迎您的光临和咨询xxxxxxxxxxx
1,感谢您致电上海亿舒鞋业经营部：厂家生产直销各类休闲鞋，运动鞋，板鞋，十加鞋，批发零售，品质保证，价格合理，欢迎您再次来电垂询！【上海亿舒鞋业
1,君逸山水ktv回馈新老客户，凡拨打热线订包厢的客户均送半打啤酒或四份小吃。热线电话：xxxxxxxxxxx张勇
1,华浔主材馆盛装启动！从未有过的优惠幅度，真正落实到客户手里的实惠，最高奖项人工费全免！还在等什么？赶快拿起电话咨询吧！咨询电话：xx
1,苕溪路上，公园大宅。xx万方墅式公园住区“蜀山雅苑”代言湖东人居！犒劳人生，改善首选。售楼中心华美开放，恭迎品鉴。地址：苕溪东路xxx
1,好消息：湖州高校驾驶员培训报名开始啦：xxxx年新学期学生报名享受最优惠价格xxxx元起，学车地点：湖州师范学院东校区旁（近）！报名咨
1,在哪儿啊？万人空巷抢格力！手机登录www.xxxgree.com点击“格力微商城”先认筹！xx-xx日享受全年最低价格！xx日刷新价格！
1,临湖的湖景房，南北通透的户型，可以定制精装修。我的微信号码是xxxxxxxxx，您月底过来，就直接和我电话联系。:-D 我们项目地址：
1,(x/x)感谢您致电
1,承诺二，只要您敢定，我就敢免！活动时间：x月x日—x月xx日。活动地点：河西郁金香橱柜、衣柜专店。活动热线：xxxxxxxxxxx。
1,酒，浪漫烛光晚餐只需人均xx起，包房费用免，K歌专线：客户经理郑丹xxxxxxxxxxx为您量身安排！米乐星世界ktv祝您生活愉快，合
1,建人可做，(三材不做)，盐城人可做白户可做 ?年龄xx-xx周岁 ?利息：个人x.x％，法人x.x％. ?信贷经理：石重xxxxxxx
1,strong聘请专业纹绣师亲临本店，活动 天优惠多多，欢迎您光临体验/:hug（宁亿养颜馆）康馨花园西门对面
1,好消息！福星城中国移动为回馈老客户，特推出预存xxx元送xxx元手机支付电子券活动，名额有限，速速办理！详情请前往福星城中国移动咨询办理！
1,骄阝日教育中考冲刺班（数，英，物，化）x月x号开课，实验中心名师授课，为您孩子提分做保障！电话：xxxxxxx 地址：新华书店二楼
1,重庆，巨惠xxx！盛惠空前，史无前例，保价全年！沙发xx折，前xx名顾客再赠送现金券！原价xxxx元的电动单椅，明星签售只需xxxx元
1,婷婷洗化三八女神节搞活动啦，活动期间满额就送韩国单人游，北京双飞游，，云南双人游，为回馈老客户，三八节当天到店里免费领取一份礼品。
1,好消息【安居装饰】喜迎佳节：半包x.x折
1,王仙云农行xxxxxxxxxxxxxxxxxxx
1,本人现在承办驾驶证业务!招收学员，一对 一教学
1,直溪金盾男装：为回馈新老顾客，在x月x日--x月x日进行积分兑换活动。全场冬款，部分春款x折销售、直溪镇十字路口向南二十米。详询：xx
1,镇江低碳生活馆，感恩大回馈，全场锅炉，散热片，净水器，新风产品八折出售。地址：喜来登酒店东侧一百米 电话：xxxxxxxx
1,本厂专业订做工作服、西服、衬衫、广告衫、T恤。新年期待有您支持！电联本机或xxxxxxxxxxx莫生.Qxxxxxxxxx网址MYZF.CN
1,您好，我是淘宝新F生活馆的，专营美国的芳新洗护产品。为了迎接漂亮女人自己的节日到来，现女性内衣洗衣液特价xxx元。累积满xxx送xxx
1,尊敬的客户，欢迎致电中佑地产，我们专业代理二手房买卖出租，银行贷款办理，欢迎您的来电！【中佑地产】
1,尊敬的会员您好  罗莱三月大促已经开始了  部分新品折扣也很诱人  苏南罗莱全体员工恭候您的光临  咨询电话xxxxxxxx
1,在女人节来临之际，黄石贝佳人全体同仁祝你:节日快乐！特此劲爆回馈新老顾客全场x折！恭候您的光临！活动时间x号/x号截止！
1,第xx期必中八肖:猪 兔 龙 鼠 马 狗 蛇 羊，必中三头:x x x头，必中六尾:x x x x x x.杀四肖:鼠 狗 猴 虎
1,龙子湖区郁金香宾馆附近，二楼一间一厨一卫有装修、家俱，空调、电视，月租xxx元，联系电话，xxxxxxxxxxx，尹先生
1,尊敬的顾客你好，御家媚颜中草药护肤品，在三八女人节之际为回馈新老顾客，特推出买二送一的活动，可以选三款产品，只需要付两款的钱，买六送二
1,今日理财产品发行：x万起，xxx、xxx天，收益分别x.x、x.x%【建行成都华西支行刘金】
1,新的一年又开始奋斗赚钱了，妹妹们有没有想换个环境上班，本场所在福建宁德市沃尔玛四楼（东方豪情KTV）对面是万达，宁德市黄金地段，本场所生意稳定火爆，全场xxx小费，免服装费，套房长期免费包住，报销车费，要求身高xxx以上，五官端正，联系电话xxxxxxxxxxx阿东。
1,农行xxxxxxxxxxxxxxxxxxx黄太平
1,尊敬的顾客：《金康药房黄岐店x.x-x.xx日阳春三月，惠翻天 》 买满xx元送维达卷纸xxx克一提或多功能家用医药箱 买满xxx元送
1,你好，我是刚跟你通话的杜小姐。如果需要贷款可以联系我 xxxxxxxxxxx微信号
1,t【太 阳 城】開 户 首 存一千送一千仅需x倍流水，天天返点高达x.x%，存取秒到，大户首选，详情登入：xxxxx.cc
1,【拉薇达婚礼会馆外滩店】欢迎您的到来
1,打新固定收益产品，产品期限x个月，收益固定年率x%，今天开始申购。请准备好资金，早做安排。有需求联系，吴子兴
1,你好，兴业名筑装饰公司x月x号星期日下午x点在即墨爱尊客大酒店举行团购优惠大型活动，方案，效果图和报价已备，欢迎你的到来。邀约人:马志华
1,亲爱的姐您好！我是颍上路逸阳女装专卖店的小卢，我店春款大衣   裤子   打底衫已大量上市，款式新颖，色彩丰富，性价比高，有两款很适合
1,xx年云南（中国农行）招聘，x次过线，百分之百包通过，电话：xxxxxxxxxxx
1,白沙留锁婚庆用品批发中心祝您和家人元宵节快乐。本店直营浏阳飞鹰牌鞭炮、礼盛牌烟花，承接大小型燃放，品种齐全，价格低廉，地址：三高东xxxx米
1,您好，我是红星国际置业顾问李君。红星国际致力于打造高品质住宅享受，地段优越，两梯三户，南北通透。户型多变。李君：xxxxxxxxxxx
1,尊敬的贵宾你好，正道中环迎三八活动，二楼衣恋专柜春款七折。欢迎到店选购。
1,元宵佳快乐！ 合众人寿业务员武建华给您送上圆圆的祝福！在未来的日子，您需要了解或办理保险业务！欢迎您来电！是对我的肯定和支持！ 现有一款五年定活两便，日复利息x%的储蓄，限购到x月x日！机不可失，银行次次降息，就是在力挺我公司此储蓄，详情电话给我！
1,龙邦物流欢迎您!我司主要承接:国内快递
1,您好！我是百盛倩碧小卢。x.x-x.xx是百盛春季化妆品节，这次赠品超级丰厚，倩碧相当于打了x～x.x折，x:xxxx送旅行x件套（价
1,漂亮女人节，星期六女鞋全场x折起，部分单鞋xxx元。会员可积分还有礼品赠送，数量有限，送完为止。【星期六旗舰店】
1,主材，装饰公司！一站购齐！ 力度：诚信回馈，史无前例！开年首场，全年最低！工厂直供，总裁签售，特价爆款，不可想象！ 请抓紧时间到所需品
1,您好，我是刚刚跟您联系过的小王
1,：建行卡号xxxxxxxxxxxxxxxx周益全：农行卡号xxxxxxxxxxxxxxxxxxx周祥乾：信用社卡号xxxxxxxxxx
1,抱歉打扰到您，我是平安信贷的客户经理小高，专门办理无抵押，无担保信用贷款的，您身边有需要用钱的可以联系我，贷款热线:xxxxxxxxxxx
1,新世纪莫施三八妇女节x.x折，满额赠快来选购
1,www.xxxxxxx.com登陆代理帐号xxxxxx密 码xxxxxx
1,迁西地区唯一一所高标准、国际化幼儿园——迁西县汇佳国际幼儿园现在开始招生啦！该园由中国最大幼儿园连锁机构——北京红缨教育集团倾力打造。想让您的孩子享受和北京孩子同步的幼儿教育吗？请马上拨打 xxxx--xxxxxxx预定学位。「汇佳国际幼儿园」
1,三月促销——幻活新生 时光礼遇 一、单张订单购买任意幻时或幻时佳产品每满xxxx元，即可免费获得超值赠礼 A.幻时新生保湿柔肤水x瓶（
1,您好，《东南快报》商铺租让广告优惠效果好：一行xx字xx元一天，刊xx天送x天；刊xx天xxx元。电：xxxxxxxxxxx广告部小翟
1,近一周，辛苦啦！我是王丽，现在銀/行新产品，只要有房，有车，事业单位，可办理xx-xxx万，手续简洁，询：xxxxxxxxxxx【王丽】
1,x.xx好得家专享会，当天上门咨询客户即送礼品一份，签就送千元康宁锅，预约客户免设计费，还有更多折扣，地址：富春江路xx号好得家建材广
1,重惊喜嗨翻天，到场即可免费领取xxx元精美礼品一份，更有iphonex大奖等您拿，还在等什么，赶快行动吧，名额抢购热线xxxxxxxx
1,比音勒芬为了回馈新老顾客，从x月x日到x月xx日期间，购物消费满xxxx元整齐赠送精美家居服一套，活动二 购物满xxxx元赠送时尚拉杆
1,新年好！方圆认证拟于x月xx－xx日在泉州举办ISOxxxx、ISOxxxxx、OHSASxxxxx三体系内审员培训班，欢迎踊跃报名。详情咨询xxxx-xxxxxxxx、xxxxxxxxxxx周老师；xxxxxxxx雷老师[[方圆培训部]]
1,【东半岛?江山xx】祝您幸福元宵节，福满全家欢！周末＂三八丽人节＂千元红包等您来拿！并喜告Gx幢入户花园惊艳亮相，欢迎您与家人好友前来评鉴！！销售经理茅晓东，联系电话xxxxxxxxxxx
1,三、八妇女节惊喜连连 买【美肤宝】xx倍美白隔离防晒霜x支 送洗面奶x支 再送洗发露x瓶或沐浴露x瓶 竹湖园爱美丽化妆品店
1,xxxx年云南会/计从业资/格考前泄/密試/题
1,梅西欧珀莱欢庆x.x妇女节，全场x折双倍积分，更有新品上市，臻白美肌体验装限量发售。折后满xxx元赠送中样三件套和xkg洗衣液一瓶，（
1,您好！我是东风雪铁龙xs的服务顾问罗雨佳。我们新店的地址在河池市南环路区法院斜对面。现在保养维修预约享有x.x折优惠，为了不浪费你的时
1,您好，我是西安荣宝宝马的销售顾问小范，我们x号对于全系车型有大型的优惠政策，价格非常优惠，如果您有兴趣可以联系我
1,亲爱的姐，三八妇女节活动如下：x.三八节原价眼部xxxx元xx次，现秒杀价xxxx次xx次x.买嘉肽伴侣一套送嘉肽靓颜幻彩水粉跟多
1,x月x号-x号就到苏宁普宁商品城店抢美的限量出售。错过了在等x年 美的空调x匹挂机  xxxx元 美的xxx升冰箱仅xxxx元 美的x
1,亲们，肌研迎新年活动，抢货价xxx元x件（极润保湿化妆水，极润保湿乳液），活动只限x月x号x天，屈臣氏利星店
1,南河利州菜市场正大门二楼（龙都酒店对面）故乡炊烟农家饭馆出租或对外转让，价格从优，有意者请前来洽谈，联系人杨廷敏，电话xxxxxxxx
1,感谢您致电“国投滨江印象”，老城绝版一线江景华宅，准现房、低密度、大景观、高配套、超高性价比，精装样板层即将亮相，购房请询xxxxxxx
